Round;Timestamp;AccX;AccY;AccZ;Acc Vector a;
0;07:00:36:518;0.272939;-0.18435353;11.7782755;11.782879218416069;
0;07:00:36:529;0.7302315;1.8471266;10.92594;11.105010858811278;
0;07:00:36:539;-1.7932571;0.7398083;10.710462;10.884717436361571;
0;07:00:36:549;-0.015562311;6.227319;7.0784574;9.427846657776051;
0;07:00:36:560;-4.939238;1.7932571;10.817003;12.025780640956913;
0;07:00:36:570;6.8689647;3.107674;12.597093;14.680839164510274;
0;07:00:36:580;-0.11851298;-3.3267434;19.037495;19.326341526699785;
0;07:00:36:590;-0.22625206;3.9671922;11.306618;11.984548793761034;
0;07:00:36:601;-1.3012487;3.881001;7.2245035;8.303545495621227;
0;07:00:36:611;-7.4723034;-1.673547;10.94629;13.358792476334875;
0;07:00:36:622;3.4560301;2.9137435;9.928755;10.909363572730157;
0;07:00:36:632;5.342661;-0.33638534;9.370906;10.792175595177667;
0;07:00:36:642;2.5450363;2.6300306;9.78989;10.451613335436619;
0;07:00:36:653;3.3135753;3.3159695;10.460267;11.462662164670439;
0;07:00:36:662;-2.3786395;1.4317327;7.4375877;7.9388597179838225;
0;07:00:36:673;-5.1020436;0.2633622;12.137405;13.168781609626278;
0;07:00:36:683;-3.4799721;1.1575965;4.1276035;5.521534809196617;
0;07:00:36:693;0.94451255;0.18435353;14.79497;14.826234011569502;
0;07:00:36:704;5.9292407;5.0984526;12.166136;14.462537053620425;
0;07:00:36:714;-3.098097;0.33399114;7.735666;8.339681369174452;
0;07:00:36:724;-2.396596;-2.4827871;14.18325;14.597002928917838;
0;07:00:36:735;-0.7673417;-0.36152446;10.247183;10.282230597114912;
0;07:00:36:745;2.919729;2.7736826;9.109938;9.960376439468439;
0;07:00:36:755;-3.8055837;-0.4345476;8.1797905;9.03218005186222;
0;07:00:36:766;-1.4891934;-4.474763;12.543222;13.400508335776914;
0;07:00:36:776;2.5821466;-0.20949265;12.735956;12.996766495211595;
0;07:00:36:786;-0.11492168;-1.9740193;8.177396;8.41307091780798;
0;07:00:36:796;-6.227319;-2.8095956;8.773552;11.119736358481207;
0;07:00:36:806;5.16549;0.34715924;11.269507;12.401798708496067;
0;07:00:36:817;3.6248214;1.6340426;7.867347;8.815019828960168;
0;07:00:36:827;-5.7760115;-4.8482585;12.318168;14.443170664123851;
0;07:00:36:837;-1.6436194;-2.195483;13.582306;13.856430687111265;
0;07:00:36:848;-0.8439561;0.09696517;8.184579;8.228547844777294;
0;07:00:36:859;-4.2042184;-3.8714242;10.0508585;11.562142361445309;
0;07:00:36:869;1.6986861;0.5566519;5.554548;5.835100433086733;
0;07:00:36:879;6.0621185;-0.9600749;11.079168;12.66566249146314;
0;07:00:36:890;2.991555;1.3754689;9.296685;9.862538647787474;
0;07:00:36:900;-3.7181952;-1.8124107;11.443087;12.16774553366688;
0;07:00:36:911;-2.219425;-4.1802764;12.673707;13.528614377770618;
0;07:00:36:921;1.2485762;-2.3570917;12.160151;12.449260423133891;
0;07:00:36:932;4.619612;0.85473;7.597999;8.933138977138062;
0;07:00:36:948;3.6523547;1.5466543;8.06008;8.983135104661054;
0;07:00:36:959;2.4791958;-3.5051112;10.241198;11.104699289646549;
0;07:00:36:970;1.2677298;-1.1025299;9.038112;9.192941312926465;
0;07:00:36:981;-0.8870517;-1.9309237;10.704475;10.913345957822338;
0;07:00:36:992;-2.7868507;0.016759412;9.52174;9.921206762684148;
0;07:00:37:003;1.067814;-1.2964603;8.403648;8.569850912677964;
0;07:00:37:013;4.185065;0.18195933;9.081207;10.000809827438468;
0;07:00:37:024;3.3554738;-0.90859956;14.60463;15.012660977455777;
0;07:00:37:034;-1.4305356;-1.2210429;9.856929;10.034760523410961;
0;07:00:37:046;-2.1871033;0.521936;7.043741;7.393925065122877;
0;07:00:37:057;-1.0737995;0.7230489;9.688137;9.774243852877204;
0;07:00:37:068;0.8750807;0.05746084;7.3190746;7.371426249870197;
0;07:00:37:079;6.367379;-1.1623849;12.052411;13.680470512285021;
0;07:00:37:090;-2.7401638;0.80205756;7.73806;8.247991606418546;
0;07:00:37:101;-5.9603653;-1.340753;7.8410106;9.940071588945392;
0;07:00:37:111;3.3267434;-1.5813702;13.044808;13.554887313909084;
0;07:00:37:122;1.7429788;-2.148796;11.249157;11.58442218154507;
0;07:00:37:133;-0.8463503;0.2621651;7.207744;7.261997950102638;
0;07:00:37:143;0.2657564;-0.11611878;8.572439;8.577343625472492;
0;07:00:37:154;-1.2797008;-1.7310078;9.81503;10.048325310853265;
0;07:00:37:167;3.0538042;-1.4676456;11.125855;11.63032065424285;
0;07:00:37:178;-1.4149733;-1.1456255;8.644265;8.833907726494251;
0;07:00:37:189;-3.5410242;-1.5801731;9.105149;9.896440625211664;
0;07:00:37:200;-1.1875241;-0.4201824;9.01776;9.105315414571212;
0;07:00:37:211;-2.6312277;-3.8235402;12.419921;13.258855775281914;
0;07:00:37:221;2.0530279;-1.2078748;9.560047;9.852328773603913;
0;07:00:37:232;3.4943373;-0.8331822;8.6574335;9.373139463819106;
0;07:00:37:242;1.4700398;0.37349546;12.218808;12.312586750170281;
0;07:00:37:253;-0.59615624;-1.2629414;11.924321;12.00582617151135;
0;07:00:37:263;-0.6464345;-1.7058687;11.711238;11.852466284754831;
0;07:00:37:273;-3.8379054;-0.4237737;10.767922;11.43928555585183;
0;07:00:37:284;-0.47046062;-0.9876082;8.475474;8.545780537214513;
0;07:00:37:294;-0.8810662;0.12808979;12.428301;12.46015010247356;
0;07:00:37:304;3.3650506;1.5490485;11.038467;11.64349075987074;
0;07:00:37:314;6.909666;-0.79367787;11.907562;13.789976510075624;
0;07:00:37:325;-4.629189;-1.6208745;10.620679;11.69852290814622;
0;07:00:37:335;-4.4448357;-1.1563994;5.7855883;7.386937969793714;
0;07:00:37:346;-1.1288661;-1.2485762;9.31105;9.461973680097168;
0;07:00:37:356;2.136825;-1.2689269;11.230003;11.501702887465118;
0;07:00:37:367;0.2669535;0.5434838;13.087904;13.101903156908458;
0;07:00:37:378;1.0726024;0.60693014;10.548853;10.620599531072342;
0;07:00:37:389;3.776853;0.15442601;8.702923;9.48837894595134;
0;07:00:37:400;-3.2477345;-2.5498247;10.043676;10.85931949738514;
0;07:00:37:411;-0.06823475;-1.1695676;8.8777;8.95466896045891;
0;07:00:37:421;1.7980455;-2.5031378;10.724827;11.158878818100446;
0;07:00:37:432;0.2885013;0.94570965;8.91481;8.96947261012645;
0;07:00:37:442;2.207454;-1.5454572;11.355699;11.671040251065548;
0;07:00:37:453;0.9876082;-1.2126632;8.497022;8.639751259084237;
0;07:00:37:465;-1.7345991;-3.8391025;11.659762;12.397483668807931;
0;07:00:37:474;-3.0502129;-0.2645593;6.3985043;7.0932818691040715;
0;07:00:37:485;1.8411411;-0.59256494;10.82658;10.997989470803395;
0;07:00:37:495;4.900931;-0.33159694;9.066842;10.311969165433325;
0;07:00:37:506;-1.5849615;-1.2006922;9.181764;9.39460230937263;
0;07:00:37:517;-0.2777274;-0.89782566;14.316129;14.34694262110371;
0;07:00:37:527;1.436521;-0.06703765;8.173804;8.299346842976231;
0;07:00:37:537;0.90859956;-1.6807296;7.9990277;8.224040950064625;
0;07:00:37:548;-0.41060558;-0.39384618;6.8186865;6.842382285652971;
0;07:00:37:558;-1.7908629;-2.5222914;11.23958;11.657500090054015;
0;07:00:37:569;-0.16759412;-1.2162545;12.597093;12.656781070069279;
0;07:00:37:579;0.7098808;-0.08738836;10.127473;10.15269769607135;
0;07:00:37:589;4.248511;-0.17238252;10.479421;11.30919181546776;
0;07:00:37:599;2.4073699;0.16998832;9.522937;9.823983440273382;
0;07:00:37:609;-1.8962077;-1.0702082;10.254366;10.482985016373705;
0;07:00:37:620;-3.2489316;-1.780089;10.335769;10.979635287760978;
0;07:00:37:631;0.90141696;-1.7405846;10.9834;11.15693829120209;
0;07:00:37:641;0.79128367;-0.91099375;10.281899;10.352463109407376;
0;07:00:37:652;-0.91338795;-0.3854665;9.056067;9.110171458267041;
0;07:00:37:663;-0.49559975;0.81761986;12.4151325;12.451892901917375;
0;07:00:37:674;1.258153;-0.830788;9.921572;10.035474036424098;
0;07:00:37:685;0.79966336;-0.1340753;9.028535;9.064870800479978;
0;07:00:37:696;-0.89423436;-0.7086837;7.669825;7.754231436033762;
0;07:00:37:707;-0.035913024;-2.0242975;11.8022175;11.974615587025383;
0;07:00:37:717;0.8367735;0.48841715;9.217676;9.268457092472296;
0;07:00:37:728;1.9428947;-0.39025488;11.415554;11.5862858437603;
0;07:00:37:738;0.05626374;-1.1264719;10.212467;10.274560299860465;
0;07:00:37:748;-0.51355624;-0.7026982;8.730456;8.773733159532918;
0;07:00:37:759;2.124854;-0.5470751;12.285846;12.480236451280994;
0;07:00:37:770;0.055066638;-0.9911995;11.446678;11.48964523524708;
0;07:00:37:781;-2.0123265;-1.1587936;9.624691;9.900855102600751;
0;07:00:37:791;0.6631939;-2.3355439;10.141838;10.42839740675165;
0;07:00:37:801;1.484405;1.2306197;8.793902;9.002810569179562;
0;07:00:37:811;0.14724341;-0.01436521;11.064803;11.065792305044358;
0;07:00:37:822;2.9891608;0.260968;10.348937;10.775141923505217;
0;07:00:37:832;-1.7549498;-0.8714894;11.271901;11.440939464274571;
0;07:00:37:842;0.36870706;0.40581718;9.157822;9.1742212781015;
0;07:00:37:853;1.4640543;-0.6907272;9.217676;9.358745267185887;
0;07:00:37:864;-0.89303726;-3.1507695;10.1226845;10.639248258952556;
0;07:00:37:875;1.4915876;0.6428431;6.3470287;6.5515536613231875;
0;07:00:37:888;1.0761937;1.9093759;5.5401826;5.957980521189134;
0;07:00:37:899;-2.919729;-5.5282116;14.028825;15.358836540027413;
0;07:00:37:910;0.19393034;-1.484405;11.192893;11.292560349650042;
0;07:00:37:920;-0.038307227;-1.4209588;11.259931;11.34930065538009;
0;07:00:37:931;0.48482585;-0.37229836;9.907207;9.926046813030485;
0;07:00:37:941;1.4197617;0.6907272;6.2967505;6.49167892722595;
0;07:00:37:951;2.8275523;0.94331545;10.6398325;11.049476328044847;
0;07:00:37:962;2.505532;-1.8890251;12.248735;12.644272399458925;
0;07:00:37:972;0.724246;-1.4772224;12.473791;12.581819624306881;
0;07:00:37:983;1.7669208;0.05746084;10.432734;10.581457337242485;
0;07:00:37:994;-1.3503298;0.45130703;7.8637557;7.99160325943737;
0;07:00:38:005;-0.33638534;-2.0362685;9.423578;9.646935770024415;
0;07:00:38:015;-1.4389153;-1.5574282;11.142614;11.342570934548897;
0;07:00:38:026;0.6452374;-0.61052144;11.159374;11.19467291166299;
0;07:00:38:037;-1.1552023;-0.2837129;10.260351;10.329074925585513;
0;07:00:38:046;-0.4177882;-2.1080947;11.451467;11.651381879718441;
0;07:00:38:057;-0.9624691;-1.9045875;13.141773;13.313902875025978;
0;07:00:38:067;-0.23582886;-0.89782566;8.706514;8.755860899857664;
0;07:00:38:078;-0.9684546;-0.7074866;9.244013;9.321491994991751;
0;07:00:38:088;1.4808137;-1.8016368;10.767922;11.017570334656437;
0;07:00:38:098;0.11731588;-2.5629928;10.4171715;10.728474201460628;
0;07:00:38:109;0.36750996;-0.1316811;7.801506;7.811267480902387;
0;07:00:38:120;0.1352724;-0.63206923;9.279925;9.302409395239527;
0;07:00:38:131;-0.36870706;-1.1935096;11.792641;11.858616499335843;
0;07:00:38:142;-1.5394717;-1.5801731;9.76954;10.01552940001664;
0;07:00:38:153;1.9620483;0.47165772;10.007763;10.209182973783333;
0;07:00:38:163;0.81283146;-0.34237084;10.576386;10.613098659636576;
0;07:00:38:173;-1.0582372;-0.24899697;10.102334;10.160660100203874;
0;07:00:38:183;1.3479356;-2.706645;10.79785;11.213225213012283;
0;07:00:38:194;-1.2030864;-1.3431472;9.965864;10.127680670888294;
0;07:00:38:205;0.30406362;-0.051475335;9.574412;9.579377881199818;
0;07:00:38:214;0.31124622;-0.9636662;8.802282;8.860344189573837;
0;07:00:38:225;-0.3866636;0.01436521;9.879673;9.88724695164002;
0;07:00:38:236;0.7302315;-2.396596;12.538434;12.78629119618785;
0;07:00:38:246;-1.1240777;-1.1923125;10.41358;10.541717488966754;
0;07:00:38:256;-0.62847793;-0.25378537;10.499771;10.521624504531392;
0;07:00:38:267;0.8499416;-0.08020575;9.186552;9.226135399063654;
0;07:00:38:278;-0.7386112;-2.3774424;10.502166;10.793204493783525;
0;07:00:38:288;0.40222588;-2.7365725;11.285069;11.619096467021906;
0;07:00:38:298;0.3184288;-0.7074866;9.923966;9.95424752365577;
0;07:00:38:308;-0.3866636;-0.04309563;9.539697;9.547626971459076;
0;07:00:38:318;0.6548142;0.58538234;9.224859;9.266578869666729;
0;07:00:38:328;1.3156139;-1.0941502;11.444284;11.57150198561643;
0;07:00:38:338;-0.10654198;-2.2182279;11.818976;12.02580918981845;
0;07:00:38:348;0.51475334;-1.2078748;10.334572;10.417643956434071;
0;07:00:38:359;0.9983821;-0.4297592;9.3421755;9.405195512944893;
0;07:00:38:370;-0.7302315;-0.62847793;9.856929;9.903901504692403;
0;07:00:38:380;-0.439336;-0.9516952;9.782708;9.838705071942943;
0;07:00:38:390;0.6452374;-0.5255273;9.635465;9.671333458057042;
0;07:00:38:401;0.415394;-0.94092125;9.944317;9.997365604536112;
0;07:00:38:412;-0.035913024;-1.3599066;11.182119;11.264565088619364;
0;07:00:38:422;-0.7505822;-1.3730747;9.478644;9.606945592928497;
0;07:00:38:432;0.60214174;0.6392518;9.275137;9.316618757403395;
0;07:00:38:443;-1.0582372;-0.60812724;9.697714;9.77421809432697;
0;07:00:38:454;-0.60094464;-2.2361844;10.803835;11.049185633965434;
0;07:00:38:465;0.272939;-0.61411273;11.829751;11.84882433246115;
0;07:00:38:475;0.92535895;0.62249243;10.163386;10.22439279408868;
0;07:00:38:486;-0.5758055;-0.4249708;8.191761;8.222961971008996;
0;07:00:38:497;-0.35434186;-0.8571242;9.982624;10.025617592830667;
0;07:00:38:507;0.581791;-0.6751649;11.304223;11.339302809609055;
0;07:00:38:518;0.61650693;-0.3854665;9.78989;9.816853523311048;
0;07:00:38:528;0.05865794;-1.8363527;9.372103;9.550494467831397;
0;07:00:38:538;0.47764325;-0.22026655;11.371261;11.383419065213133;
0;07:00:38:549;-0.581791;-2.6515784;10.793061;11.129219198061294;
0;07:00:38:560;0.7218518;-0.272939;9.437943;9.469442512191476;
0;07:00:38:570;-0.2621651;-0.29807812;9.534908;9.543167817970778;
0;07:00:38:581;-0.062249243;-2.3391352;11.780669;12.01081170355777;
0;07:00:38:591;0.47165772;-0.89064306;11.055226;11.10106939714611;
0;07:00:38:602;0.15801731;-2.2900538;10.070012;10.328332942190917;
0;07:00:38:612;0.50158525;-1.0989386;9.387665;9.46506743377346;
0;07:00:38:623;0.17238252;-2.835932;10.472239;10.850806674766815;
0;07:00:38:634;0.12689269;-3.904943;10.419566;11.127984493132372;
0;07:00:38:643;0.59017074;-3.5889084;10.172963;10.80359860971898;
0;07:00:38:654;-0.5602432;-4.2293572;10.5919485;11.418875450443199;
0;07:00:38:664;1.1085154;0.06464344;10.526108;10.584513640981019;
0;07:00:38:674;0.7158663;-0.1400608;10.250774;10.276694914904473;
0;07:00:38:685;-0.053869538;-0.92176765;9.902418;9.94537271989329;
0;07:00:38:696;0.47884035;-2.3594859;12.587516;12.815694271217627;
0;07:00:38:706;-0.094570965;-1.8327614;11.687296;11.830504244894913;
0;07:00:38:717;-0.30047232;-0.5674258;9.504981;9.526642633207139;
0;07:00:38:727;0.60693014;-0.78050977;9.973047;10.021937530864907;
0;07:00:38:737;0.78410107;-1.6053122;10.996569;11.140752376989205;
0;07:00:38:748;0.6751649;0.47764325;12.145785;12.173910066355466;
0;07:00:38:758;0.39624038;1.2389994;10.214862;10.29735549014076;
0;07:00:38:769;-0.5566519;-0.09696517;9.400833;9.417798629736858;
0;07:00:38:779;0.5231331;0.11971009;10.590752;10.60433961818429;
0;07:00:38:790;0.25378537;0.011971008;10.242394;10.24554532641599;
0;07:00:38:801;0.044292733;0.985214;9.548077;9.598873596866108;
0;07:00:38:812;0.260968;0.8595184;10.612299;10.650247175186975;
0;07:00:38:821;-0.04070143;0.9756372;10.708067;10.752498247704787;
0;07:00:38:831;0.18076223;0.9947908;10.516531;10.565023087035344;
0;07:00:38:841;0.30406362;1.2234371;9.956287;10.035781549830485;
0;07:00:38:852;0.05267244;0.9828198;10.125079;10.172803892038758;
0;07:00:38:863;0.12330139;0.6392518;10.522516;10.542636952332723;
0;07:00:38:873;0.20949265;0.34955344;10.377667;10.38566610992646;
0;07:00:38:884;0.050278235;0.16759412;10.229227;10.230723421204944;
0;07:00:38:895;0.12090719;-0.050278235;10.15381;10.154653570444546;
0;07:00:38:905;0.08738836;-0.39624038;10.289082;10.297079127694985;
0;07:00:38:916;0.08020575;-0.35673606;10.2495775;10.256097236160455;
0;07:00:38:926;0.1436521;-0.48961425;10.226832;10.239553943694046;
0;07:00:38:936;0.1592144;-0.51235914;10.30225;10.316211379383475;
0;07:00:38:946;0.22146365;-0.5530606;10.296265;10.313485763136816;
0;07:00:38:956;0.142455;-0.5470751;10.292673;10.30818631666891;
0;07:00:38:966;0.12090719;-0.5434838;10.234015;10.249149194157608;
0;07:00:38:976;0.16160862;-0.5590461;10.243592;10.260108987032314;
0;07:00:38:986;0.1592144;-0.58657944;10.236409;10.254437858243339;
0;07:00:38:996;0.12090719;-0.6452374;10.271125;10.29208183738175;
0;07:00:39:006;0.16879122;-0.60812724;10.232818;10.252261400811355;
0;07:00:39:017;0.16160862;-0.62009823;10.269928;10.289900737613625;
0;07:00:39:027;0.18435353;-0.5602432;10.269928;10.286849981006736;
0;07:00:39:038;0.15682021;-0.5602432;10.260351;10.276831515170954;
0;07:00:39:048;0.1352724;-0.44771573;10.272323;10.282964777923896;
0;07:00:39:058;0.1400608;-0.44651863;10.228029;10.238729095269985;
0;07:00:39:069;0.14963761;-0.45010993;10.290278;10.301204899801542;
0;07:00:39:080;0.14724341;-0.39983168;10.2495775;10.258430177637933;
0;07:00:39:090;0.15801731;-0.33638534;10.262746;10.269472930963165;
0;07:00:39:100;0.142455;-0.34715924;10.275913;10.28276259591769;
0;07:00:39:111;0.10295067;-0.33039984;10.255563;10.261400163378694;
0;07:00:39:122;0.10055647;-0.02873042;10.21965;10.220185625215777;
0;07:00:39:132;0.17357962;0.23702596;10.283096;10.287292374547059;
0;07:00:39:143;0.12808979;0.24061728;10.257957;10.261578602844851;
0;07:00:39:153;0.12330139;0.2813187;10.388441;10.392980965282606;
0;07:00:39:164;0.19033903;0.33877954;10.2735195;10.280865972239894;
0;07:00:39:175;0.16998832;0.2753332;10.254366;10.259470216632852;
0;07:00:39:186;0.16160862;0.22026655;10.2735195;10.277151479339832;
0;07:00:39:196;0.12569559;-0.10175357;10.31901;10.320277015457544;
0;07:00:39:207;0.12689269;-0.22744916;10.257957;10.261263357686556;
0;07:00:39:217;0.12090719;-0.35913026;10.234015;10.241028371671225;
0;07:00:39:227;0.15322891;-0.39624038;10.248381;10.257182512309134;
0;07:00:39:238;0.16400282;-0.41060558;10.225636;10.235190136312312;
0;07:00:39:248;0.16400282;-0.40342298;10.266336;10.275568635896294;
0;07:00:39:258;0.1592144;-0.4165911;10.299856;10.309506993462014;
0;07:00:39:269;0.15083471;-0.4201824;10.247183;10.256902835950665;
0;07:00:39:280;0.1340753;-0.40222588;10.262746;10.27150015894157;
0;07:00:39:291;0.15203181;-0.4309563;10.228029;10.238233185574893;
0;07:00:39:302;0.1448492;-0.37708676;10.253169;10.261123576073773;
0;07:00:39:313;0.16160862;-0.35673606;10.251971;10.259449022754014;
0;07:00:39:323;0.1352724;-0.34237084;10.274716;10.281308623265618;
0;07:00:39:333;0.1412579;-0.19033903;10.229227;10.231972821614884;
0;07:00:39:344;0.15083471;-0.11851298;10.259154;10.260947359306021;
0;07:00:39:355;0.089782566;-0.027533319;10.274716;10.275145414117018;
0;07:00:39:366;0.16759412;0.008379706;10.299856;10.301223045251827;
0;07:00:39:376;0.17238252;0.03232172;10.291476;10.292970603059606;
0;07:00:39:386;0.14604631;0.017956512;10.240001;10.24105779846706;
0;07:00:39:397;0.1340753;-0.05626374;10.263943;10.264972451196746;
0;07:00:39:407;0.11252748;-0.16639702;10.268731;10.270695704117712;
0;07:00:39:418;0.1376666;-0.24779987;10.295067;10.298969061654189;
0;07:00:39:428;0.14604631;-0.30885202;10.272323;10.278002565234017;
0;07:00:39:438;0.1352724;-0.31483752;10.240001;10.24573260538717;
0;07:00:39:449;0.14963761;-0.37469256;10.244789;10.252730959430508;
0;07:00:39:459;0.15682021;-0.37349546;10.251971;10.259971048712085;
0;07:00:39:469;0.14724341;-0.34476504;10.2495775;10.256431236734695;
0;07:00:39:480;0.1412579;-0.30526072;10.231621;10.237148136338169;
0;07:00:39:491;0.1436521;-0.29688102;10.231621;10.236934988152468;
0;07:00:39:501;0.130484;-0.25258827;10.259154;10.263092611210768;
0;07:00:39:512;0.1436521;-0.19153613;10.247183;10.249979158705946;
0;07:00:39:521;0.1400608;-0.1412579;10.269928;10.27185445562385;
0;07:00:39:532;0.1412579;-0.11731588;10.269928;10.271569236612269;
0;07:00:39:543;0.14844051;-0.11971009;10.235212;10.236988648253579;
0;07:00:39:553;0.14844051;-0.110133275;10.260351;10.262015766423866;
0;07:00:39:563;0.12569559;-0.130484;10.250774;10.25237525772896;
0;07:00:39:574;0.1436521;-0.18555063;10.267534;10.27021508100286;
0;07:00:39:585;0.1400608;-0.21188685;10.266336;10.26947813140028;
0;07:00:39:596;0.12330139;-0.2645593;10.2735195;10.277665182877293;
0;07:00:39:607;0.15682021;-0.32561144;10.243592;10.24996576070882;
0;07:00:39:618;0.14724341;-0.29209262;10.255563;10.260778203232809;
0;07:00:39:628;0.15801731;-0.28491;10.267534;10.272701524255696;
0;07:00:39:638;0.14963761;-0.2777274;10.267534;10.272379564705869;
0;07:00:39:648;0.15322891;-0.2645593;10.286688;10.291230062472147;
0;07:00:39:659;0.1388637;-0.21667525;10.26514;10.268365177831035;
0;07:00:39:669;0.14604631;-0.19871874;10.260351;10.263314508229017;
0;07:00:39:679;0.15203181;-0.16998832;10.244789;10.24732713042143;
0;07:00:39:690;0.1364695;-0.16280572;10.262746;10.264944207829078;
0;07:00:39:701;0.14604631;-0.15442601;10.2735195;10.275717873103426;
0;07:00:39:711;0.12928689;-0.15682021;10.269928;10.271938757122635;
0;07:00:39:721;0.12330139;-0.17717093;10.29387;10.296132919129342;
0;07:00:39:732;0.12808979;-0.19632454;10.268731;10.271406197708291;
0;07:00:39:742;0.15442601;-0.22505496;10.223241;10.22688366390748;
0;07:00:39:753;0.14724341;-0.2621651;10.28549;10.289884055089615;
0;07:00:39:763;0.1388637;-0.2621651;10.274716;10.278998316785755;
0;07:00:39:774;0.12449849;-0.2741361;10.261548;10.265964264394848;
0;07:00:39:784;0.15801731;-0.2717419;10.244789;10.249610707403493;
0;07:00:39:795;0.15562311;-0.23343466;10.267534;10.271366458904359;
0;07:00:39:805;0.15322891;-0.21428105;10.269928;10.273306053103946;
0;07:00:39:815;0.1436521;-0.19393034;10.277111;10.27994424708347;
0;07:00:39:825;0.14963761;-0.19153613;10.296265;10.299133145788897;
0;07:00:39:835;0.1412579;-0.17118542;10.290278;10.292671514920823;
0;07:00:39:845;0.142455;-0.16879122;10.278308;10.280680817498862;
0;07:00:39:856;0.1340753;-0.20590134;10.277111;10.28004777830428;
0;07:00:39:867;0.12090719;-0.17597382;10.238804;10.241029861637605;
0;07:00:39:878;0.1352724;-0.19632454;10.245986;10.248759497033157;
0;07:00:39:888;0.14963761;-0.22864626;10.279505;10.283136165795767;
0;07:00:39:899;0.15682021;-0.24301147;10.307038;10.311095355924357;
0;07:00:39:909;0.14604631;-0.25019407;10.289082;10.293158872176758;
0;07:00:39:920;0.12928689;-0.25258827;10.263943;10.267864012153176;
0;07:00:39:931;0.1352724;-0.25977087;10.269928;10.274103248984837;
0;07:00:39:942;0.15682021;-0.23343466;10.287885;10.291727495721572;
0;07:00:39:952;0.15682021;-0.23104046;10.284293;10.288083295636229;
0;07:00:39:962;0.142455;-0.21428105;10.257957;10.261184173123764;
0;07:00:39:973;0.1412579;-0.20949265;10.259154;10.262265194101277;
0;07:00:39:984;0.12210429;-0.18076223;10.278308;10.28062256171034;
0;07:00:39:995;0.1388637;-0.19991584;10.299856;10.302731968305405;
0;07:00:40:006;0.1376666;-0.19752164;10.283096;10.28591469917627;
0;07:00:40:016;0.11372458;-0.21068975;10.272323;10.275112372384875;
0;07:00:40:026;0.15682021;-0.23463176;10.267534;10.27141176855637;
0;07:00:40:037;0.1436521;-0.24301147;10.266336;10.27021693816792;
0;07:00:40:047;0.35075054;-1.1240777;5.9543796;6.06969630429055;
0;07:00:40:058;3.632004;3.252523;11.505336;12.495723755854128;
0;07:00:40:068;-2.5270798;11.449073;-18.328812;21.758050239948904;
0;07:00:40:078;-4.8027687;0.7278373;5.1906295;7.109076659262131;
0;07:00:40:088;2.6886885;5.783194;11.888409;13.49105764847995;
0;07:00:40:098;0.4177882;15.401899;19.498379;24.851153574519937;
0;07:00:40:109;-5.153519;16.001648;16.796522;23.764145664017146;
0;07:00:40:119;-1.3982137;9.307459;11.810597;15.102119226352078;
0;07:00:40:130;-3.822343;7.289147;9.680955;12.706803693589583;
0;07:00:40:141;-1.1815386;11.92911;4.378995;12.762259778667849;
0;07:00:40:151;4.8853683;6.23091;10.236409;12.941218187397512;
0;07:00:40:162;2.315193;15.286978;11.583148;19.318931915897778;
0;07:00:40:172;-0.49440265;9.975441;17.071856;19.778829272794276;
0;07:00:40:183;0.46327803;7.8206596;3.453636;8.561830814692268;
0;07:00:40:193;1.7178397;9.516952;3.8259344;10.400053361609084;
0;07:00:40:203;-1.4173675;10.018537;16.712725;19.53702024138045;
0;07:00:40:214;3.2956185;13.36204;13.959393;19.602801749387286;
0;07:00:40:224;-0.59855044;4.368221;3.466804;5.608773967027733;
0;07:00:40:235;8.602366;15.2367;20.499155;26.951309947944203;
0;07:00:40:246;20.005949;14.55555;19.634848;31.58526986525424;
0;07:00:40:257;2.6312277;21.185093;4.593276;21.83643084192246;
0;07:00:40:267;-2.3594859;13.089101;-0.59735334;13.313472515277113;
0;07:00:40:278;-1.7034745;3.4644098;9.029732;9.820387858949122;
0;07:00:40:289;-1.8423382;11.884817;1.0833763;12.07546221557281;
0;07:00:40:299;-4.687847;5.2516813;7.4351935;10.239051367807354;
0;07:00:40:310;1.2892777;13.317747;11.012131;17.328924547604288;
0;07:00:40:320;3.788824;10.785878;19.17995;22.32847625904601;
0;07:00:40:331;-4.3742065;13.059174;10.625467;17.394718534950666;
0;07:00:40:341;0.5793968;7.9906483;10.813412;13.457935496651455;
0;07:00:40:352;-6.47033;11.577163;17.025167;21.581292761686566;
0;07:00:40:363;-7.3633676;8.115147;15.719131;19.161573358017538;
0;07:00:40:373;2.5594015;9.185355;12.524069;15.740825584698237;
0;07:00:40:384;2.954445;5.2600613;14.423868;15.63473573642521;
0;07:00:40:394;4.056975;7.7847466;2.1068976;9.027754057502559;
0;07:00:40:405;4.361038;9.828198;13.904326;17.57675862745052;
0;07:00:40:415;-8.403648;7.1251445;5.884948;12.490860916898903;
0;07:00:40:426;0.16160862;9.593566;17.776947;20.201050925535874;
0;07:00:40:436;4.7764325;10.6637745;3.309984;12.144397439155071;
0;07:00:40:447;-10.593145;1.1803415;13.545197;17.236017282076705;
0;07:00:40:457;7.241263;9.68694;20.13763;23.490357064123142;
0;07:00:40:468;0.21787235;11.384429;12.835316;17.158030488780064;
0;07:00:40:479;-2.018312;-3.858256;10.627861;11.485257858284639;
0;07:00:40:489;4.665102;9.628283;-0.23702596;10.70155062268924;
0;07:00:40:500;-7.1167645;1.4772224;11.249157;13.393059917549765;
0;07:00:40:511;-8.406042;3.2848446;12.434286;15.364348901371836;
0;07:00:40:522;-6.5744777;1.3874398;10.542868;12.5020323054925;
0;07:00:40:533;-1.733402;4.2425256;7.97748;9.200211431312836;
0;07:00:40:543;-1.5227122;11.575965;10.596737;15.76744881128845;
0;07:00:40:553;-0.8559271;-1.8136078;17.988834;18.100275263089493;
0;07:00:40:564;3.0059202;0.2741361;8.895657;9.393796261529468;
0;07:00:40:574;-0.9528923;-0.4261679;8.684967;8.747472343477419;
0;07:00:40:585;9.28232;8.449138;10.365696;16.278729673869577;
0;07:00:40:594;0.9720459;5.931635;-0.2693477;6.016785982732951;
0;07:00:40:605;-2.244564;6.588843;8.974665;11.357619872790456;
0;07:00:40:616;-1.7633295;6.682217;14.902708;16.42717508577869;
0;07:00:40:627;6.14831;8.166622;7.1502833;12.47485446883268;
0;07:00:40:637;5.553351;-0.8643068;8.291121;10.016457176450952;
0;07:00:40:647;5.390545;5.6551046;13.522451;15.617133762101142;
0;07:00:40:658;-10.292673;4.5322237;7.6410947;13.596562096886558;
0;07:00:40:668;2.835932;6.4260373;14.000094;15.663304610717528;
0;07:00:40:679;-7.2687964;6.1746464;-2.1883004;9.78520926881844;
0;07:00:40:690;5.1918263;2.742558;19.387049;20.25671124802685;
0;07:00:40:701;1.4437037;-1.9800048;24.144327;24.268358969454702;
0;07:00:40:712;-4.203021;1.8722657;18.719067;19.27626049704662;
0;07:00:40:723;0.676362;5.7257333;2.9149406;6.460523894239314;
0;07:00:40:733;-3.1711202;3.9025488;11.304223;12.372200697436824;
0;07:00:40:743;-4.807557;3.6834793;3.05141;6.781720263792081;
0;07:00:40:753;2.8802247;1.3491327;6.811504;7.517475368305901;
0;07:00:40:764;9.7958765;9.562442;20.359095;24.533491637230572;
0;07:00:40:774;-10.346542;-3.2333694;16.269798;19.550241547870403;
0;07:00:40:785;-2.408567;3.7936125;8.735245;9.823298447202573;
0;07:00:40:796;-7.680599;-0.19632454;7.217321;10.541341140807226;
0;07:00:40:807;5.638345;5.815516;14.241909;16.384233739616114;
0;07:00:40:818;2.9520507;2.3391352;17.415422;17.81805526037336;
0;07:00:40:827;-9.758766;-3.1064768;7.5046253;12.696579263722965;
0;07:00:40:837;3.6415808;11.3880205;6.3697734;13.547033817191888;
0;07:00:40:847;-2.054225;3.5110967;9.696517;10.51523066740666;
0;07:00:40:857;-1.8662802;2.3630772;11.953052;12.326499145205739;
0;07:00:40:867;-6.4739213;-1.875857;17.806875;19.03983507870325;
0;07:00:40:878;-0.15442601;-2.1296425;7.916428;8.19933273577867;
0;07:00:40:888;-6.597223;-1.9812019;3.0921116;7.550474331336663;
0;07:00:40:899;-3.8618474;-0.6392518;5.01705;6.363434117063446;
0;07:00:40:909;-2.2158337;6.8282633;9.53012;11.931399399315094;
0;07:00:40:919;-0.82480246;1.4520833;3.8259344;4.174520389625428;
0;07:00:40:930;-4.6806645;-4.047398;16.288952;17.42469497917216;
0;07:00:40:940;-3.8007953;4.056975;17.891869;18.73563577388188;
0;07:00:40:951;-1.1240777;8.470686;15.6233635;17.80745799665787;
0;07:00:40:962;4.405331;3.359065;5.5401826;7.8347868145809585;
0;07:00:40:973;2.006341;2.8083985;3.0765493;4.623598453444179;
0;07:00:40:984;-5.8454432;1.7764976;15.260642;16.438136795531108;
0;07:00:40:995;-7.398083;-0.51714754;16.566679;18.15086634226062;
0;07:00:41:005;1.3850456;1.1073183;7.5812397;7.78586548724662;
0;07:00:41:016;5.363012;4.832696;10.21965;12.512318149277935;
0;07:00:41:027;-1.3227965;0.8774749;9.555259;9.68621305715871;
0;07:00:41:037;0.8379706;0.033518825;17.010803;17.031463229743174;
0;07:00:41:047;-5.2624555;-1.1360487;7.735666;9.424678758565113;
0;07:00:41:058;11.56998;9.715671;-0.7110779;15.124956619578802;
0;07:00:41:068;-0.25977087;-2.8491;11.652579;11.99864443434002;
0;07:00:41:078;-7.00304;-2.3403323;9.610326;12.119326807846656;
0;07:00:41:089;-5.7855883;-4.11683;15.790957;17.314030879122374;
0;07:00:41:100;-4.0677485;-4.5884876;12.880805;14.265900959132628;
0;07:00:41:110;-5.195418;2.086547;8.834604;10.459267583408872;
0;07:00:41:121;8.062474;11.259931;-8.441956;16.219005898751934;
0;07:00:41:131;2.4911668;-18.44852;0.49679685;18.62258301483796;
0;07:00:41:142;12.334928;-14.279019;-12.115858;22.423979104235435;
0;07:00:41:152;4.699818;-13.189657;6.123171;15.282295924552237;
0;07:00:41:162;-6.1686606;-10.020931;16.25663;20.06861855443951;
0;07:00:41:173;-1.1767502;-10.104729;9.018958;13.595289401881022;
0;07:00:41:184;-5.614403;-17.134104;0.48722005;18.037084736210836;
0;07:00:41:195;-2.505532;-13.492524;5.415684;14.753153318423626;
0;07:00:41:205;2.895787;-9.467871;17.603369;20.196652065099105;
0;07:00:41:217;-1.4939818;-9.603143;4.1695023;10.575305286807549;
0;07:00:41:227;-3.8019924;-9.249998;7.2352777;12.343696845217831;
0;07:00:41:237;-9.228451;-16.196775;16.8468;25.12597289977358;
0;07:00:41:248;6.5218053;-14.853627;10.619482;19.38911012792321;
0;07:00:41:259;22.869415;-9.952697;23.493105;34.26356939228603;
0;07:00:41:269;-6.087258;-19.60133;11.101913;23.334938357418714;
0;07:00:41:280;17.61534;-4.1515455;16.563087;24.533066214613797;
0;07:00:41:290;-14.081497;-8.208521;7.2604165;17.843262567226006;
0;07:00:41:300;-8.243237;4.76925;18.751389;21.031197036291037;
0;07:00:41:311;-3.799598;2.4420857;4.0174704;6.044898210272741;
0;07:00:41:321;7.8589673;4.1946416;16.332047;18.603604925146563;
0;07:00:41:332;-4.144363;7.705738;3.5889084;9.456976794685225;
0;07:00:41:343;1.5526398;0.81402856;5.872977;6.129044734832033;
0;07:00:41:353;-5.841852;3.2728736;2.9735985;7.326747219810306;
0;07:00:41:364;-6.4260373;6.0142345;3.3446999;9.415518721655836;
0;07:00:41:375;-4.819528;-0.2705448;10.486604;11.544258203147463;
0;07:00:41:386;-0.93972415;-8.991425;22.566547;24.310035874886758;
0;07:00:41:397;4.1096473;-5.8346696;10.077195;12.348377915086218;
0;07:00:41:407;0.81043726;-8.407239;16.411055;18.457009341918216;
0;07:00:41:417;1.6172832;-2.0147207;13.187263;13.43795363969012;
0;07:00:41:428;0.79487497;-4.297592;16.639702;17.204092665507222;
0;07:00:41:438;-3.3997664;1.7058687;4.4436383;5.849300910063921;
0;07:00:41:449;-0.8463503;4.5058875;-3.7325604;5.91196580856822;
0;07:00:41:459;-1.9788077;-0.21547815;9.369708;9.578806817086484;
0;07:00:41:470;3.2142158;5.711368;5.246893;8.395283746519251;
0;07:00:41:480;4.8985367;-2.303222;11.768699;12.95387065291985;
0;07:00:41:491;7.526173;-4.417302;7.041347;11.213224532619746;
0;07:00:41:501;1.6747441;-6.078878;13.740324;15.118003551133011;
0;07:00:41:512;-5.985504;-5.886145;9.725247;12.847311226934558;
0;07:00:41:523;-4.8159366;-2.468422;15.502456;16.4198808702429;
0;07:00:41:534;7.337031;-1.8483237;13.789405;15.728827399159133;
0;07:00:41:544;-0.8355764;0.5530606;12.951434;12.990138495032191;
0;07:00:41:554;-1.7585411;-1.7824832;2.3199813;3.4135065739100243;
0;07:00:41:565;1.3838485;4.459201;12.299014;13.155427086978982;
0;07:00:41:575;-4.033033;-4.9320555;12.823344;14.318822805085532;
0;07:00:41:586;-1.7298107;-2.5342624;12.546814;12.916550633719417;
0;07:00:41:596;-4.4017396;-0.48362875;11.622652;12.437654580540647;
0;07:00:41:607;4.8362875;1.1492168;5.920861;7.730909892983975;
0;07:00:41:618;3.0681696;2.432509;7.7428484;8.676547164807266;
0;07:00:41:629;4.8267107;-0.61530983;11.477803;12.466583752143919;
0;07:00:41:640;1.2282255;-1.3970166;8.754398;8.949842347189742;
0;07:00:41:651;1.1528081;-3.098097;12.469003;12.899736363282294;
0;07:00:41:661;-1.0929531;-1.3742718;11.593922;11.72613309090533;
0;07:00:41:672;-6.4284315;-0.08259996;8.431181;10.602658467438648;
0;07:00:41:683;-0.35194764;0.9923966;7.908048;7.9778407284169495;
0;07:00:41:693;9.67856;1.484405;9.009381;13.305898542945389;
0;07:00:41:704;7.0461354;2.1332338;9.181764;11.768750751999777;
0;07:00:41:715;-1.4197617;-1.2090719;5.5162406;5.82292798563813;
0;07:00:41:724;-3.976769;-4.2999864;11.502942;12.90822425502318;
0;07:00:41:735;-1.2605472;-0.5674258;10.248381;10.341192107848387;
0;07:00:41:745;6.1088057;-2.183512;11.397597;13.114512876887455;
0;07:00:41:756;-0.533907;4.6842556;7.989451;9.276779176900389;
0;07:00:41:766;-8.244433;-4.608838;27.518955;29.094759062119977;
0;07:00:41:777;1.0845734;-8.214506;9.915586;12.9218135956824;
0;07:00:41:787;2.5330653;-16.048334;16.673222;23.280072851951893;
0;07:00:41:798;-6.859388;-26.737247;5.471948;28.1402530253733;
0;07:00:41:808;-0.81881696;-12.891579;8.632295;15.536401151559762;
0;07:00:41:818;1.1923125;-21.571756;7.0425444;22.723549022452044;
0;07:00:41:829;-0.21308395;-6.847417;9.885659;12.027417967252338;
0;07:00:41:840;0.39983168;-8.728063;8.938752;12.499609368896294;
0;07:00:41:851;-1.4317327;-4.7860093;4.2054152;6.530027722333448;
0;07:00:41:862;3.858256;-7.457938;1.1360487;8.473345533712845;
0;07:00:41:872;2.328361;-2.4001873;6.6187706;7.41554366049865;
0;07:00:41:883;9.118318;-21.692665;-1.7597382;23.59686703333861;
0;07:00:41:894;-2.445677;-5.7365074;1.6819267;6.458926200316335;
0;07:00:41:905;-10.494983;-11.489774;6.5086374;16.867778221765658;
0;07:00:41:915;-6.694188;-12.971785;17.567455;22.84063975064512;
0;07:00:41:926;-5.8574142;-14.279019;17.42141;23.2745612245497;
0;07:00:41:936;-1.8459295;-14.302961;15.264233;20.999498633802993;
0;07:00:41:947;4.759673;-5.8203044;12.727576;14.782476846053289;
0;07:00:41:957;1.4221559;-14.170083;5.092467;15.124384087246485;
0;07:00:41:968;3.204639;-7.6829934;6.4104753;10.506773444212444;
0;07:00:41:979;-3.8115692;-7.5453267;6.1530986;10.45565076571374;
0;07:00:41:990;-2.8526914;-7.615956;4.8027687;9.444957489838865;
0;07:00:42:000;1.9620483;-12.107478;4.6232033;13.107809962264326;
0;07:00:42:011;-0.21906945;-7.7213006;8.814254;11.719963478838682;
0;07:00:42:021;-0.6344634;-13.239936;13.934254;19.231793401589105;
0;07:00:42:032;-2.160767;-12.788629;9.202114;15.902730915975956;
0;07:00:42:042;-2.0254946;-10.703279;11.439496;15.79635628321202;
0;07:00:42:052;-1.0845734;-9.40203;5.4922986;10.942568928652028;
0;07:00:42:063;0.05865794;-13.066356;11.382035;17.32869912822548;
0;07:00:42:073;-2.8646624;-5.5222263;12.260707;13.748680467579765;
0;07:00:42:083;4.250905;-11.833342;5.747281;13.824955498346098;
0;07:00:42:094;0.12449849;-6.731298;6.5325794;9.38085632514785;
0;07:00:42:104;2.4648306;-9.102755;17.292122;19.696522610087484;
0;07:00:42:114;-3.3051953;-15.953763;17.68477;24.04574802427396;
0;07:00:42:125;2.7688942;-11.195287;13.734338;17.93413615834601;
0;07:00:42:137;-0.3890578;-8.740033;11.639412;14.560750045740475;
0;07:00:42:148;1.3718776;-10.31063;2.566584;10.71347262975802;
0;07:00:42:158;1.3251907;-12.212823;14.032416;18.64987590022384;
0;07:00:42:169;-2.6001031;-15.649699;9.69532;18.592279353605356;
0;07:00:42:179;1.0654198;-6.7265096;6.0609217;9.116787912328492;
0;07:00:42:189;1.7082629;-9.773131;11.925519;15.51290651537253;
0;07:00:42:200;-0.7170634;-9.379285;12.878411;15.947997940358032;
0;07:00:42:210;-1.9141643;-8.093599;7.1347213;10.957856335913316;
0;07:00:42:221;-1.5023615;-13.41112;8.53892;15.96960900790105;
0;07:00:42:232;0.9564836;-5.007473;8.558074;9.961439555362302;
0;07:00:42:243;1.0905589;-9.531317;10.172963;13.983007745661673;
0;07:00:42:253;2.0626047;-5.898116;3.21661;7.027708797928834;
0;07:00:42:264;0.7350199;-12.435484;9.709685;15.79428704227665;
0;07:00:42:274;-0.48961425;-12.398374;11.741165;17.082573900167606;
0;07:00:42:285;2.9771898;-4.7321396;9.506178;11.02833721835517;
0;07:00:42:296;-1.1911154;-4.0665517;17.132908;17.649139538936275;
0;07:00:42:307;-1.9201498;-7.66384;13.433866;15.584933982418024;
0;07:00:42:318;-0.23223756;-4.405331;14.027628;14.704938948944585;
0;07:00:42:328;-1.9440918;-0.39624038;8.063671;8.304173020282107;
0;07:00:42:339;4.289212;14.937425;-10.036493;18.500140215368134;
0;07:00:42:349;0.33758244;6.8905125;7.1023993;9.901373688924904;
0;07:00:42:360;-2.0829554;3.6487634;5.0900726;6.600077264506904;
0;07:00:42:370;0.49200845;4.1335893;5.8741736;7.199621444923012;
0;07:00:42:380;2.3882163;4.3514614;4.274847;6.550809783964391;
0;07:00:42:391;0.019153614;1.7609353;8.469488;8.650635148031355;
0;07:00:42:402;-5.1487308;-6.009446;20.372263;21.855249873233763;
0;07:00:42:412;-1.2078748;-2.6791117;14.947001;15.233169523620209;
0;07:00:42:422;3.9504328;-4.0414124;20.235792;21.010145370655906;
0;07:00:42:432;1.8471266;0.8379706;11.45865;11.636783001668876;
0;07:00:42:443;1.103727;2.3247697;9.707291;10.0426219522727;
0;07:00:42:454;-4.820725;2.7485435;6.743269;8.733015306035437;
0;07:00:42:464;7.1023993;3.834314;9.625888;12.561996525786304;
0;07:00:42:475;-0.7254431;5.093664;6.7767878;8.50861505483514;
0;07:00:42:486;-4.961983;-1.7645266;11.621455;12.75903837688148;
0;07:00:42:497;3.50152;1.520318;11.264719;11.893944335889351;
0;07:00:42:507;-0.8283938;-3.8714242;10.653001;11.364883787179425;
0;07:00:42:518;-1.8674773;-0.6368576;9.4774475;9.680654555960352;
0;07:00:42:530;-1.0462662;-1.7441759;10.426748;10.6232718464756;
0;07:00:42:540;5.117606;1.271321;9.818622;11.145020718527457;
0;07:00:42:551;-1.4784195;3.5218706;6.8438253;7.837553335005302;
0;07:00:42:562;-0.59136784;1.9740193;11.781867;11.960721901632992;
0;07:00:42:573;-0.49679685;0.7374141;9.694122;9.73481350273879;
0;07:00:42:583;-0.89902276;-1.0749966;13.459004;13.531765335524524;
0;07:00:42:593;-3.5996823;0.2885013;9.662998;10.315739533193886;
0;07:00:42:604;0.09816227;1.70946;7.3071036;7.5050418437322435;
0;07:00:42:615;1.3706805;-0.35434186;8.74961;8.863407784740232;
0;07:00:42:626;6.3793507;0.16998832;10.992977;12.711040737902817;
0;07:00:42:635;0.90500826;-1.5586253;12.706028;12.833218528597351;
0;07:00:42:646;-4.560954;0.08379706;8.768764;9.884358281408758;
0;07:00:42:657;-2.0590134;1.0642227;10.548853;10.800481743134844;
0;07:00:42:667;4.5860934;-0.14604631;10.763134;11.700369048207746;
0;07:00:42:678;0.03232172;0.2896984;12.516887;12.520280788795171;
0;07:00:42:689;-0.36631286;0.21906945;9.378088;9.38779562981158;
0;07:00:42:699;1.4796166;-0.5554548;10.655395;10.771964765749598;
0;07:00:42:710;-0.2777274;2.6372132;8.012196;8.439626920146976;
0;07:00:42:720;-0.6907272;-0.02873042;9.528923;9.553968026621762;
0;07:00:42:731;-1.4879963;-0.15203181;10.509348;10.61525503821586;
0;07:00:42:741;-2.6168625;-1.5574282;13.706804;14.041012228969196;
0;07:00:42:752;2.2948422;-1.9859903;12.53604;12.898169548814318;
0;07:00:42:762;0.45250413;0.8343793;7.6973586;7.755660912139083;
0;07:00:42:773;-0.6943185;-0.8571242;9.622296;9.685315088789865;
0;07:00:42:783;-1.4700398;0.45250413;9.384073;9.509290469041808;
0;07:00:42:793;2.1092918;2.2649148;11.787852;12.187387319190638;
0;07:00:42:804;0.5566519;3.4213142;8.84059;9.495855531642846;
0;07:00:42:814;4.232949;1.1803415;7.967903;9.099370209416024;
0;07:00:42:825;0.36990416;0.19273324;11.071986;11.079839705536838;
0;07:00:42:835;3.181894;-3.669114;11.622652;12.596543070972574;
0;07:00:42:845;-1.638831;-0.7649474;7.6650367;7.875512727061732;
0;07:00:42:855;2.2984335;-2.742558;14.981717;15.403125376439181;
0;07:00:42:865;1.9716251;1.6879122;9.006987;9.373481729272422;
0;07:00:42:875;-1.8914193;2.8072014;7.439982;8.173810623861192;
0;07:00:42:885;3.5087025;3.654749;8.171411;9.614579145293531;
0;07:00:42:896;4.662708;-0.11133038;9.0429;10.174835758617618;
0;07:00:42:907;2.3906105;-1.1145009;12.988544;13.253656998282587;
0;07:00:42:918;0.3196259;0.545878;11.197681;11.21553456760787;
0;07:00:42:929;1.2785037;3.371036;6.685808;7.595951969840581;
0;07:00:42:938;-0.6392518;0.20949265;9.445126;9.469050940839574;
0;07:00:42:949;-0.33518824;-0.073023155;8.42759;8.434569351427669;
0;07:00:42:959;-5.5701103;-1.4879963;13.830106;14.983727338714406;
0;07:00:42:970;-0.62608373;-1.8375498;10.332177;10.5129659615213;
0;07:00:42:980;-0.019153614;4.8279076;8.276755;9.58194844287497;
0;07:00:42:990;-1.2725182;3.867833;8.520964;9.443847138708719;
0;07:00:43:001;3.8642416;19.27093;15.389929;24.962992628620523;
0;07:00:43:012;-0.32800564;9.995792;8.682572;13.244263756847245;
0;07:00:43:022;0.18435353;9.762358;3.8283286;10.487788774518023;
0;07:00:43:032;0.973243;5.1104236;7.8517847;9.418819305225693;
0;07:00:43:042;2.6156654;8.495825;8.264784;12.137849586237465;
0;07:00:43:052;0.50996494;9.604341;8.3868885;12.76100790509536;
0;07:00:43:062;-0.2669535;6.623559;10.481815;12.402066310873236;
0;07:00:43:072;-0.5734113;10.15381;9.746795;14.086470455807719;
0;07:00:43:082;2.303222;4.3143516;13.363236;14.23005753163056;
0;07:00:43:093;2.5462334;-8.101978;15.373169;17.56302042016967;
0;07:00:43:104;1.0115502;-1.6340426;14.990097;15.112787029105828;
0;07:00:43:115;0.12090719;-1.2294226;13.881581;13.936441287213645;
0;07:00:43:125;0.0023942017;0.40940848;9.002198;9.011503285650244;
0;07:00:43:136;0.6859388;2.2732944;5.907693;6.367041313505876;
0;07:00:43:147;0.062249243;0.9876082;7.8829093;7.944778349409141;
0;07:00:43:157;-0.50757074;-2.0015526;11.547235;11.730407613060796;
0;07:00:43:167;-0.16879122;-1.7381904;12.132617;12.257658141156847;
0;07:00:43:177;0.92057055;-0.22385786;10.242394;10.286117190084145;
0;07:00:43:187;-0.6703765;0.18435353;9.036914;9.063619610257986;
0;07:00:43:197;-0.25498247;-0.320823;9.601946;9.610687315116714;
0;07:00:43:208;0.78888947;-0.095768064;10.6637745;10.693343857009289;
0;07:00:43:218;0.1400608;-0.48602295;10.9343195;10.946011964066203;
0;07:00:43:229;0.16998832;0.32920274;10.108319;10.115106717733275;
0;07:00:43:239;0.34356794;0.36272156;10.020931;10.03337744854156;
0;07:00:43:250;-0.15203181;0.18914193;9.982624;9.985573471327;
0;07:00:43:261;0.15442601;-0.1400608;10.649409;10.651449873111831;
0;07:00:43:271;0.32680854;0.15801731;10.462662;10.4689573352836;
0;07:00:43:282;0.23702596;0.15203181;10.0508585;10.054802456000775;
0;07:00:43:292;0.35434186;-0.31364042;10.368091;10.378884197379659;
0;07:00:43:303;0.17597382;-0.29568392;10.267534;10.2732978840323;
0;07:00:43:313;0.17118542;-0.09816227;10.263943;10.2658394104559;
0;07:00:43:323;0.24540567;-0.037110128;10.228029;10.231039980234094;
0;07:00:43:334;0.16280572;-0.12689269;10.263943;10.26601814434589;
0;07:00:43:344;0.22864626;-0.108936176;10.271125;10.274246938169453;
0;07:00:43:355;0.2669535;0.092176765;10.160992;10.164915548969198;
0;07:00:43:365;0.18914193;0.074220255;10.263943;10.265953488370704;
0;07:00:43:376;0.18555063;-0.038307227;10.350134;10.35186799372329;
0;07:00:43:386;0.19273324;-0.059855044;10.200497;10.202492757138947;
0;07:00:43:397;0.24301147;-0.061052144;10.20289;10.20596680490641;
0;07:00:43:407;0.25498247;-0.1400608;10.328587;10.332682886468753;
0;07:00:43:418;0.23582886;-0.12569559;10.332177;10.335632273578085;
0;07:00:43:427;0.20470424;-0.073023155;10.232818;10.235125285594526;
0;07:00:43:438;0.18794483;-0.037110128;10.236409;10.238201515093941;
0;07:00:43:447;0.15801731;-0.01436521;10.26514;10.266365941915392;
0;07:00:43:458;0.20470424;0.0011971008;10.323798;10.325827754278839;
0;07:00:43:468;0.21068975;-0.0035913025;10.260351;10.262514615716412;
0;07:00:43:478;0.23702596;-0.04070143;10.254366;10.257185859453415;
0;07:00:43:489;0.20590134;-0.089782566;10.298658;10.301107506328316;
0;07:00:43:499;0.19033903;-0.08020575;10.28549;10.287563808609448;
0;07:00:43:510;0.20111294;-0.10175357;10.229227;10.231709606401393;
0;07:00:43:521;0.21428105;-0.08140286;10.272323;10.274879963491552;
0;07:00:43:531;0.23463176;-0.05626374;10.295067;10.297894116273504;
0;07:00:43:542;0.19752164;-0.0023942017;10.261548;10.263449056513338;
0;07:00:43:553;0.19632454;-0.020350715;10.271125;10.273020874394357;
0;07:00:43:563;0.18315643;-0.035913024;10.244789;10.246489132907;
0;07:00:43:574;0.21308395;-0.06344634;10.272323;10.274728486494979;
0;07:00:43:584;0.21308395;-0.05746084;10.299856;10.3022202552411;
0;07:00:43:595;0.21667525;-0.10654198;10.290278;10.293110693399836;
0;07:00:43:606;0.22864626;-0.074220255;10.281899;10.28470894275134;
0;07:00:43:616;0.20709845;-0.07062895;10.245986;10.248322140206811;
0;07:00:43:627;0.21068975;-0.04070143;10.280702;10.2829406646824;
0;07:00:43:637;0.21308395;-0.023942016;10.250774;10.253016702486388;
0;07:00:43:648;0.21547815;-0.047884032;10.220847;10.223230155604105;
0;07:00:43:658;0.23343466;-0.053869538;10.257957;10.260754781402879;
0;07:00:43:668;0.22146365;-0.055066638;10.262746;10.26528275150089;
0;07:00:43:679;0.21667525;-0.08379706;10.262746;10.26537491074269;
0;07:00:43:688;0.22625206;-0.075417355;10.283096;10.285861665184521;
0;07:00:43:699;0.21547815;-0.06464344;10.253169;10.255637130697584;
0;07:00:43:710;0.20709845;-0.06344634;10.259154;10.261440312529116;
0;07:00:43:721;0.21667525;-0.029927522;10.255563;10.257895057502889;
0;07:00:43:732;0.20829555;-0.04309563;10.267534;10.269737035547545;
0;07:00:43:742;0.21547815;-0.017956512;10.269928;10.27220391239258;
0;07:00:43:752;0.20829555;-0.053869538;10.280702;10.28295253582374;
0;07:00:43:763;0.20709845;-0.049081136;10.234015;10.236228064586797;
0;07:00:43:773;0.22984336;-0.05746084;10.261548;10.264282696203283;
0;07:00:43:784;0.22625206;-0.06584055;10.2495775;10.25228595829269;
0;07:00:43:794;0.19871874;-0.061052144;10.275913;10.278015555532383;
0;07:00:43:805;0.22146365;-0.046686932;10.244789;10.247288787295613;
0;07:00:43:816;0.20231004;-0.029927522;10.275913;10.277948005801592;
0;07:00:43:826;0.22026655;-0.04070143;10.284293;10.286732055627644;
0;07:00:43:837;0.22864626;-0.039504327;10.260351;10.262974412850697;
0;07:00:43:848;0.22266077;-0.05746084;10.2735195;10.27609281274229;
0;07:00:43:859;0.22505496;-0.06584055;10.263943;10.2666208373529;
0;07:00:43:870;0.21667525;-0.074220255;10.271125;10.27367811030025;
0;07:00:43:881;0.21188685;-0.06584055;10.238804;10.241207911059078;
0;07:00:43:892;0.21188685;-0.045489833;10.274716;10.277001520575261;
0;07:00:43:902;0.21547815;-0.04309563;10.251971;10.254325884270516;
0;07:00:43:913;0.22026655;-0.053869538;10.272323;10.27482538747808;
0;07:00:43:924;0.22266077;-0.05626374;10.253169;10.25574090729759;
0;07:00:43:935;0.22146365;-0.06823475;10.262746;10.265361904448225;
0;07:00:43:946;0.22744916;-0.079008654;10.243592;10.246421747633224;
0;07:00:43:957;0.20949265;-0.06823475;10.241198;10.243567332325908;
0;07:00:43:968;0.23223756;-0.055066638;10.278308;10.281078951725888;
0;07:00:43:979;0.21667525;-0.044292733;10.283096;10.285474471672266;
0;07:00:43:989;0.20709845;-0.037110128;10.296265;10.298414193452425;
0;07:00:43:999;0.20590134;-0.047884032;10.2735195;10.275694114091134;
0;07:00:44:010;0.19512744;-0.053869538;10.251971;10.253969493852582;
0;07:00:44:020;0.22146365;-0.050278235;10.244789;10.247305911427784;
0;07:00:44:030;0.21667525;-0.06344634;10.278308;10.280787309711233;
0;07:00:44:040;0.20590134;-0.055066638;10.25676;10.25897382218501;
0;07:00:44:050;0.21428105;-0.061052144;10.267534;10.269951360154604;
0;07:00:44:061;0.20590134;-0.06464344;10.286688;10.288951644358205;
0;07:00:44:072;0.22146365;-0.04189853;10.2495775;10.252055636573118;
0;07:00:44:083;0.22385786;-0.049081136;10.241198;10.243761350521854;
0;07:00:44:093;0.20231004;-0.062249243;10.237606;10.239794232566052;
0;07:00:44:103;0.21906945;-0.055066638;10.292673;10.295151422988669;
0;07:00:44:114;0.19632454;-0.04309563;10.26514;10.26710720190503;
0;07:00:44:124;0.21428105;-0.044292733;10.284293;10.286620433190068;
0;07:00:44:135;0.21547815;-0.06943185;10.269928;10.272423013123383;
0;07:00:44:146;0.22266077;-0.047884032;10.280702;10.283224084439704;
0;07:00:44:156;0.21188685;-0.059855044;10.261548;10.263909926770756;
0;07:00:44:167;0.20829555;-0.055066638;10.232818;10.235085405926107;
0;07:00:44:178;0.22625206;-0.046686932;10.283096;10.285691064475353;
0;07:00:44:188;0.21547815;-0.045489833;10.280702;10.283060117417284;
0;07:00:44:199;0.20949265;-0.073023155;10.268731;10.27112728005195;
0;07:00:44:210;0.19512744;-0.035913024;10.268731;10.270647791385288;
0;07:00:44:221;0.19871874;-0.08379706;10.261548;10.263814037728578;
0;07:00:44:231;0.20111294;-0.05865794;10.280702;10.28283567867962;
0;07:00:44:242;0.22744916;-0.08140286;10.253169;10.256014664185704;
0;07:00:44:253;0.21428105;-0.045489833;10.284293;10.28662599579869;
0;07:00:44:264;0.18794483;-0.045489833;10.281899;10.283717453602435;
0;07:00:44:275;0.21188685;-0.047884032;10.228029;10.23033563236705;
0;07:00:44:286;0.20111294;-0.04309563;10.251971;10.254034225391868;
0;07:00:44:296;0.21906945;-0.06344634;10.280702;10.283231132737262;
0;07:00:44:307;0.20470424;-0.05626374;10.261548;10.263743792861735;
0;07:00:44:318;0.21787235;-0.06703765;10.25676;10.25929248415263;
0;07:00:44:329;0.21667525;-0.06464344;10.257957;10.260449177388743;
0;07:00:44:339;0.21308395;-0.053869538;10.251971;10.254327000296211;
0;07:00:44:350;0.20470424;-0.074220255;10.278308;10.280614027395126;
0;07:00:44:360;0.21068975;-0.055066638;10.272323;10.274630842051197;
0;07:00:44:371;0.22625206;-0.051475335;10.240001;10.242629215541795;
0;07:00:44:381;0.20829555;-0.06344634;10.2735195;10.275826644130138;
0;07:00:44:391;0.21547815;-0.062249243;10.261548;10.263999125075507;
0;07:00:44:402;0.20829555;-0.08020575;10.272323;10.274747421241678;
0;07:00:44:413;0.20350714;-0.04189853;10.274716;10.276816667403855;
0;07:00:44:423;0.21068975;-0.05267244;10.29387;10.2961607064463;
0;07:00:44:434;0.21428105;-0.035913024;10.267534;10.26983249784004;
0;07:00:44:444;0.19153613;-0.06823475;10.262746;10.26475988078417;
0;07:00:44:454;0.23343466;-0.05746084;10.232818;10.235641098331245;
0;07:00:44:465;0.20470424;-0.049081136;10.283096;10.285250827399375;
0;07:00:44:476;0.18435353;-0.0023942017;10.09156;10.093244321456664;
0;07:00:44:485;0.31004912;-0.36152446;10.538078;10.548835176643172;
0;07:00:44:496;0.34117374;-0.45609543;10.608707;10.62398676809383;
0;07:00:44:506;0.17238252;-1.6220716;9.90601;10.039415500238338;
0;07:00:44:517;-0.8619126;-0.4309563;9.101558;9.152430027202177;
0;07:00:44:527;0.4189853;-6.1902084;10.854114;12.502240399810285;
0;07:00:44:538;-0.16998832;-2.3415294;13.494918;13.697608037259016;
0;07:00:44:547;0.51954174;-4.396951;12.684481;13.434997609475097;
0;07:00:44:558;0.7685388;-0.32800564;9.414001;9.451013855816319;
0;07:00:44:568;-0.842759;-2.8263552;8.486248;8.984148689405126;
0;07:00:44:579;1.3850456;-2.6779146;9.482236;9.949993605108459;
0;07:00:44:590;0.7661445;-3.2453403;9.952697;10.496446280598228;
0;07:00:44:601;0.21547815;-1.7465701;10.07121;10.223805894588123;
0;07:00:44:611;0.046686932;-3.9851487;10.055647;10.816636545602703;
0;07:00:44:621;0.35075054;-1.4221559;10.311827;10.415340817314636;
0;07:00:44:632;2.2744915;-2.8502972;12.404359;12.929254382851486;
0;07:00:44:642;0.9876082;-2.043451;11.042058;11.272892696251967;
0;07:00:44:653;-0.6715736;-1.8698715;10.370484;10.559089787298452;
0;07:00:44:663;0.41180268;-2.0925324;9.441534;9.679402566553897;
0;07:00:44:673;1.3108255;-2.8263552;13.421895;13.778744701241553;
0;07:00:44:685;-1.6220716;-2.7940333;9.166202;9.718898367285915;
0;07:00:44:695;1.3575124;-1.3563153;11.22282;11.385698255085604;
0;07:00:44:706;0.320823;-1.6244658;10.092757;10.227685970087974;
0;07:00:44:717;-0.4237737;-1.2988545;9.744401;9.839713489113977;
0;07:00:44:727;-0.20231004;-0.9528923;8.926781;8.979774637431749;
0;07:00:44:738;-0.32441434;0.027533319;11.262324;11.26702948292675;
0;07:00:44:748;-0.08140286;0.40462008;9.198523;9.207777003633005;
0;07:00:44:758;0.8607155;-0.19033903;9.232041;9.27403106975143;
0;07:00:44:768;0.10654198;-1.2892777;11.150994;11.225785708381744;
0;07:00:44:779;-0.49200845;0.35434186;9.945514;9.963978932116826;
0;07:00:44:791;-0.33039984;-3.1998506;11.416751;11.861299019446012;
0;07:00:44:801;-0.7541735;0.46926352;7.6494746;7.700873179282247;
0;07:00:44:812;-2.6084828;-1.3359646;9.862914;10.289123303256181;
0;07:00:44:822;0.8463503;-0.07182605;10.462662;10.497083349678503;
0;07:00:44:832;2.779668;-0.49200845;12.61026;12.922356187193996;
0;07:00:44:842;1.614889;2.5773582;9.42238;9.901105537723584;
0;07:00:44:852;0.7697359;2.3774424;10.793061;11.078578493120075;
0;07:00:44:863;-2.2457612;1.8387469;9.369708;9.808968266819535;
0;07:00:44:873;-1.0522517;-1.1528081;9.060856;9.19430850243185;
0;07:00:44:884;0.8523358;-1.5442601;11.398794;11.53445844803531;
0;07:00:44:893;1.5741876;0.6919243;9.500193;9.654557854491456;
0;07:00:44:904;0.21547815;-0.46926352;10.6398325;10.652355209473118;
0;07:00:44:913;-0.59256494;1.1145009;10.897209;10.970069045177292;
0;07:00:44:923;-0.49559975;-0.4261679;9.698911;9.720910914558834;
0;07:00:44:934;3.3303347;2.055422;8.859743;9.685604574528174;
0;07:00:44:945;0.7541735;1.5861586;10.462662;10.609051391879808;
0;07:00:44:956;-1.0175357;-0.095768064;10.5704;10.619694361194925;
0;07:00:44:966;-1.6867151;-1.1468226;10.315418;10.515134893505326;
0;07:00:44:977;-1.5143325;-1.7058687;10.552444;10.796169760342815;
0;07:00:44:987;1.4879963;0.4417302;9.532514;9.658057182605644;
0;07:00:44:997;1.8088194;0.8535329;10.85531;11.038030253511783;
0;07:00:45:008;-0.37349546;-0.39384618;12.066776;12.078977724992267;
0;07:00:45:018;-0.06584055;0.19273324;11.109096;11.110962315728687;
0;07:00:45:028;0.24181437;0.08140286;9.76116;9.764494075140659;
0;07:00:45:039;-0.2825158;1.7609353;9.668983;9.832087895893634;
0;07:00:45:049;0.20590134;0.7493851;11.167754;11.194762531196577;
0;07:00:45:059;-1.0498575;0.5590461;10.171766;10.241072325588258;
0;07:00:45:070;0.12090719;-1.0450691;10.500969;10.553536669309903;
0;07:00:45:081;-0.37588966;-0.46806642;10.584765;10.601775513703766;
0;07:00:45:091;-0.6955156;0.7493851;8.213309;8.276700364329884;
0;07:00:45:102;0.93852705;0.29568392;8.783129;8.838077302931767;
0;07:00:45:113;1.0414777;0.32561144;10.433931;10.490834913747332;
0;07:00:45:124;-0.58777654;0.12090719;11.311406;11.327312740275852;
0;07:00:45:134;0.6392518;0.47884035;11.558009;11.585572682641356;
0;07:00:45:145;-0.50038815;1.2797008;8.591593;8.700775322403027;
0;07:00:45:155;0.061052144;0.23104046;8.139089;8.14259616175443;
0;07:00:45:166;0.7110779;0.11492168;11.067198;11.09061320915036;
0;07:00:45:176;2.0649989;-1.1911154;10.936713;11.193510177999592;
0;07:00:45:187;0.39504328;-0.7529764;11.061212;11.093846624249105;
0;07:00:45:198;-1.210269;-0.6787562;11.303026;11.387882525219652;
0;07:00:45:208;-1.483208;0.8631097;9.733627;9.88374231359671;
0;07:00:45:219;1.4760253;0.89184016;10.463859;10.60501624840369;
0;07:00:45:230;0.20470424;0.30765492;12.017695;12.023375314572782;
0;07:00:45:240;1.5011644;0.24899697;12.178107;12.272806541109812;
0;07:00:45:250;1.174356;0.093373865;10.864887;10.928568479393313;
0;07:00:45:261;-0.3172317;0.49799395;9.757569;9.77541774627856;
0;07:00:45:271;-1.3455414;0.78888947;7.7248917;7.880785315637149;
0;07:00:45:282;1.7286136;0.8798691;9.901221;10.08942294600146;
0;07:00:45:293;1.638831;1.3371617;11.399991;11.594548858511997;
0;07:00:45:303;0.0047884034;0.06703765;13.365631;13.36579992158888;
0;07:00:45:313;-1.3682863;1.8016368;11.279084;11.503731826988389;
0;07:00:45:324;-2.1272483;0.37948096;10.455479;10.676432986418103;
0;07:00:45:335;0.17477672;0.6775591;8.831013;8.858691638244549;
0;07:00:45:346;-0.641646;1.1252748;7.5094137;7.620317866386259;
0;07:00:45:356;1.1935096;1.0414777;10.960655;11.07452497647596;
0;07:00:45:367;2.6767175;-1.3311762;12.549209;12.900367412214164;
0;07:00:45:377;3.144784;-0.23104046;10.594342;11.053648084968515;
0;07:00:45:388;-0.7673417;0.700304;9.295488;9.353360034399696;
0;07:00:45:399;-1.7166426;1.1719618;10.360908;10.567344141601108;
0;07:00:45:410;2.4013844;0.81402856;11.335348;11.615481181430749;
0;07:00:45:420;0.050278235;1.9333179;10.261548;10.442203763851804;
0;07:00:45:431;-2.7246015;0.33518824;9.077616;9.483612784060107;
0;07:00:45:441;0.027533319;1.1264719;9.232041;9.300553204890136;
0;07:00:45:451;-0.415394;-2.1751323;10.177752;10.415871510992064;
0;07:00:45:462;2.6479871;0.81283146;10.755951;11.106890393858734;
0;07:00:45:473;1.9812019;0.7517793;10.875661;11.080177450583802;
0;07:00:45:483;0.961272;0.5722142;10.092757;10.154566416948137;
0;07:00:45:494;1.411382;0.7757214;12.375628;12.479980917695936;
0;07:00:45:505;-1.2054806;1.1480197;10.268731;10.402786732494222;
0;07:00:45:514;-1.9752164;0.47524905;9.004593;9.230928297384034;
0;07:00:45:525;0.48243165;1.009156;9.873688;9.936842794699054;
0;07:00:45:535;-0.46327803;-0.06584055;9.832987;9.84411465408413;
0;07:00:45:546;-0.4417302;0.94211835;8.9124155;8.972951722251898;
0;07:00:45:556;0.10534488;-0.7206547;9.424775;9.452873995892814;
0;07:00:45:567;0.38307226;0.5327099;9.004593;9.028467297427767;
0;07:00:45:578;1.9177556;-1.4197617;11.125855;11.378847247100717;
0;07:00:45:589;1.4305356;0.6572084;12.276269;12.376798248646349;
0;07:00:45:599;-0.45729253;-0.5446809;11.032481;11.05538038906283;
0;07:00:45:610;0.9888053;2.207454;10.499771;10.774775144704659;
0;07:00:45:621;-0.8511387;0.0;9.922769;9.959205195568641;
0;07:00:45:631;-1.8938135;-0.1364695;9.315839;9.50736593484457;
0;07:00:45:642;0.14963761;0.0;10.965444;10.966464508264966;
0;07:00:45:652;1.5370775;2.3020248;10.449493;10.809895284394308;
0;07:00:45:662;-0.06584055;0.62847793;9.888053;9.908224492695766;
0;07:00:45:673;-0.19393034;-0.7110779;10.474632;10.500531501033613;
0;07:00:45:684;0.78888947;-1.198298;10.502166;10.599705285347818;
0;07:00:45:695;0.21308395;0.34356794;11.135432;11.142768642926459;
0;07:00:45:705;0.320823;2.5737667;10.09156;10.419539114045357;
0;07:00:45:716;1.377863;3.8391025;10.140641;10.930224980083182;
0;07:00:45:727;-0.8403648;-0.6799533;9.944317;10.002898749784359;
0;07:00:45:737;1.3192052;-0.35194764;11.320983;11.403018190485318;
0;07:00:45:747;-0.2813187;0.31603462;9.710882;9.720095035418048;
0;07:00:45:758;0.2765303;0.050278235;9.156625;9.160937466687276;
0;07:00:45:767;0.07062895;1.6316484;9.074024;9.21982539741869;
0;07:00:45:778;-0.50038815;-0.062249243;9.404425;9.417933511054978;
0;07:00:45:788;1.4329298;2.871845;10.314221;10.80203428536257;
0;07:00:45:798;0.24420857;0.748188;10.600328;10.629505593401616;
0;07:00:45:808;-0.04309563;-0.2861071;10.374076;10.378110120717277;
0;07:00:45:818;0.3842694;-1.1444284;11.145009;11.210201140886841;
0;07:00:45:828;0.04309563;0.35434186;9.325416;9.332245036662743;
0;07:00:45:838;0.19991584;-0.01436521;10.573992;10.575891436436597;
0;07:00:45:849;0.5710171;0.997185;10.224439;10.288808902056976;
0;07:00:45:860;0.093373865;-0.30047232;10.726024;10.730637611863001;
0;07:00:45:870;0.05746084;0.04070143;10.21127;10.211513184924108;
0;07:00:45:881;0.4309563;-0.18435353;10.133459;10.14429434527961;
0;07:00:45:891;-0.06823475;-0.56982;10.324995;10.340932041565752;
0;07:00:45:902;0.15322891;0.12090719;10.163386;10.1652604261401;
0;07:00:45:913;0.30765492;-0.14844051;10.491392;10.496951432672384;
0;07:00:45:923;0.32441434;0.15442601;10.303447;10.309709391008594;
0;07:00:45:934;0.272939;-0.17956513;10.224439;10.229657339433544;
0;07:00:45:944;0.23223756;-0.09696517;10.222044;10.225141573720958;
0;07:00:45:954;0.21906945;-0.20709845;10.108319;10.112813515159013;
0;07:00:45:964;0.21547815;-0.17238252;10.307038;10.310731678408697;
0;07:00:45:975;0.2705448;-0.11492168;10.286688;10.290886812097126;
0;07:00:45:986;0.24061728;-0.15682021;10.291476;10.29548304502373;
0;07:00:45:995;0.22026655;-0.18195933;10.290278;10.29424394674318;
0;07:00:46:006;0.25857377;-0.20231004;10.21127;10.216546897331362;
0;07:00:46:016;0.24301147;-0.24660277;10.199299;10.205173257630745;
0;07:00:46:027;0.21428105;-0.22864626;10.242394;10.247187158704936;
0;07:00:46:038;0.22266077;-0.21547815;10.287885;10.292549579344358;
0;07:00:46:048;0.21068975;-0.20949265;10.262746;10.267045896717931;
0;07:00:46:059;0.21667525;-0.23702596;10.26514;10.27016159450503;
0;07:00:46:069;0.25258827;-0.29568392;10.255563;10.262933154612046;
0;07:00:46:079;0.2693477;-0.260968;10.223241;10.230117867574775;
0;07:00:46:090;0.2681506;-0.30765492;10.25676;10.264875828827643;
0;07:00:46:100;0.25258827;-0.23822308;10.253169;10.259046330737128;
0;07:00:46:111;0.20829555;-0.25617957;10.263943;10.26925190995133;
0;07:00:46:121;0.21308395;-0.2908955;10.260351;10.266685489125358;
0;07:00:46:131;0.20949265;-0.30885202;10.229227;10.236032412908113;
0;07:00:46:142;0.20829555;-0.34835634;10.212467;10.220529757093074;
0;07:00:46:152;0.21428105;-0.35075054;10.262746;10.2709735192771;
0;07:00:46:162;0.24540567;-0.37349546;10.271125;10.280842596173947;
0;07:00:46:173;0.22385786;-0.37708676;10.277111;10.28646282469575;
0;07:00:46:183;0.21787235;-0.3842694;10.241198;10.250719742975292;
0;07:00:46:194;0.25737667;-0.40701428;10.237606;10.248925873835892;
0;07:00:46:205;0.23104046;-0.39863458;10.272323;10.282650559406143;
0;07:00:46:216;0.21787235;-0.37588966;10.299856;10.309015228571067;
0;07:00:46:225;0.24420857;-0.3854665;10.245986;10.25614224132624;
0;07:00:46:236;0.21188685;-0.40342298;10.231621;10.24176327127244;
0;07:00:46:247;0.24061728;-0.37349546;10.236409;10.24604646684191;
0;07:00:46:257;0.24181437;-0.36750996;10.25676;10.266189815131634;
0;07:00:46:267;0.22146365;-0.35434186;10.257957;10.266464779672972;
0;07:00:46:278;0.25139117;-0.31603462;10.278308;10.286238089348394;
0;07:00:46:289;0.24301147;-0.2765303;10.295067;10.301646676884774;
0;07:00:46:300;0.23343466;-0.2789245;10.255563;10.262010562205079;
0;07:00:46:310;0.24540567;-0.2813187;10.287885;10.294655637386946;
0;07:00:46:321;0.22744916;-0.2633622;10.242394;10.248304273318373;
0;07:00:46:332;0.24061728;-0.22266077;10.301053;10.306268462285427;
0;07:00:46:342;0.23702596;-0.21068975;10.238804;10.243714056597824;
0;07:00:46:352;0.25737667;-0.21547815;10.257957;10.263447941479557;
0;07:00:46:362;0.22266077;-0.19153613;10.269928;10.274127011676018;
0;07:00:46:373;0.24540567;-0.17597382;10.255563;10.26000785723231;
0;07:00:46:384;0.24301147;-0.15801731;10.2495775;10.253675592643825;
0;07:00:46:394;0.23822308;-0.15801731;10.272323;10.276299580532267;
0;07:00:46:405;0.24779987;-0.1400608;10.271125;10.275068192824197;
0;07:00:46:416;0.23942018;-0.15801731;10.28549;10.289489598197097;
0;07:00:46:427;0.22984336;-0.17477672;10.271125;10.275182539531992;
0;07:00:46:437;0.23822308;-0.16639702;10.25676;10.260874864187539;
0;07:00:46:448;0.22984336;-0.16639702;10.269928;10.273847053980035;
0;07:00:46:459;0.22385786;-0.17477672;10.296265;10.300180926169036;
0;07:00:46:470;0.24301147;-0.20350714;10.243592;10.248495224076077;
0;07:00:46:480;0.23822308;-0.16759412;10.266336;10.270467652368117;
0;07:00:46:491;0.25258827;-0.17717093;10.244789;10.249433920510828;
0;07:00:46:501;0.23942018;-0.20231004;10.248381;10.253172964851807;
0;07:00:46:512;0.24420857;-0.21188685;10.284293;10.28937392751923;
0;07:00:46:522;0.22984336;-0.23223756;10.278308;10.283500448277646;
0;07:00:46:533;0.22385786;-0.21547815;10.278308;10.283003358992678;
0;07:00:46:544;0.23104046;-0.23822308;10.247183;10.2525549704867;
0;07:00:46:554;0.23702596;-0.2705448;10.231621;10.237941440850747;
0;07:00:46:565;0.39264908;-0.2669535;10.691308;10.70184612569471;
0;07:00:46:576;0.30286652;-0.94092125;9.442732;9.494326855108824;
0;07:00:46:586;-1.0199299;-5.9148755;7.2340803;9.39988964908839;
0;07:00:46:597;-2.3235726;-8.9998045;10.238804;13.828542101760267;
0;07:00:46:607;0.2645593;-6.042965;10.536881;12.149620621649056;
0;07:00:46:618;1.6448165;-6.0046577;12.808979;14.241884832048598;
0;07:00:46:628;0.92895025;-5.33907;10.426748;11.750986910016325;
0;07:00:46:639;0.30526072;-4.0677485;9.100361;9.972779419284432;
0;07:00:46:649;0.79128367;-2.920926;10.254366;10.691583578292839;
0;07:00:46:659;0.7625532;-4.4580035;7.72968;8.955626133382186;
0;07:00:46:670;0.6488287;-3.537433;9.835381;10.472302554289302;
0;07:00:46:680;0.88944596;-2.6755204;9.308656;9.726283646228632;
0;07:00:46:691;0.6727707;-3.78643;8.814254;9.61669087619037;
0;07:00:46:701;0.8415619;-3.8486793;11.372458;12.0355042701629;
0;07:00:46:711;1.2485762;-2.8921957;10.404003;10.870465264913163;
0;07:00:46:722;-2.64679;-3.502717;9.668983;10.619028365520753;
0;07:00:46:732;2.4301147;-1.9967642;10.42196;10.886219419724855;
0;07:00:46:742;1.6555905;-2.755726;10.280702;10.771621606390099;
0;07:00:46:753;-0.3878607;-3.8295257;9.475053;10.227039206564976;
0;07:00:46:763;-0.82001406;-2.7006595;10.454282;10.828573110316462;
0;07:00:46:773;0.9888053;-2.7700913;11.972205;12.328212877934574;
0;07:00:46:784;-1.5717934;-3.1783028;10.468647;11.05281461884416;
0;07:00:46:795;-0.4441244;-2.7485435;10.7356;11.090755606554335;
0;07:00:46:805;1.1671734;1.8255788;9.313444;9.562179260858734;
0;07:00:46:816;1.8124107;2.2613235;7.368156;7.917584282414721;
0;07:00:46:827;-2.385822;2.8215668;8.957906;9.690070223558754;
0;07:00:46:837;-1.9381063;-0.06584055;12.069171;12.223971370803302;
0;07:00:46:847;0.14724341;-1.9812019;12.975376;13.126584493271064;
0;07:00:46:857;1.1240777;-2.96881;11.298238;11.735738337287904;
0;07:00:46:868;1.0606314;0.14844051;8.264784;8.333884360851131;
0;07:00:46:878;-0.748188;0.8439561;8.583213;8.656996491672844;
0;07:00:46:889;0.11851298;0.61650693;7.9451585;7.969922746118783;
0;07:00:46:899;1.5239093;-0.9876082;13.350069;13.473010741204698;
0;07:00:46:909;-2.1894975;-1.0869676;14.036008;14.247277786173969;
0;07:00:46:920;0.09816227;2.813187;9.408015;9.820101958015524;
0;07:00:46:930;2.837129;0.6967127;10.117896;10.531216675114187;
0;07:00:46:942;-2.1092918;-1.4377182;13.378799;13.620147680974773;
0;07:00:46:952;-3.5781345;1.1671734;8.543709;9.335967736614215;
0;07:00:46:962;-5.815516;1.0031705;9.036914;10.793163848670964;
0;07:00:46:972;0.47405192;-0.089782566;10.614694;10.62565341511038;
0;07:00:46:982;3.0370448;-2.1823149;14.736312;15.203454699180678;
0;07:00:46:992;0.09696517;1.3826514;8.052897;8.171308742181916;
0;07:00:47:003;-2.5845408;-0.8355764;8.967483;9.369833374496064;
0;07:00:47:014;-0.29328972;1.1575965;9.782708;9.85532476113603;
0;07:00:47:025;3.0705638;-1.3335704;10.563218;11.08099026878528;
0;07:00:47:034;-2.6491842;0.011971008;5.463568;6.071976638547967;
0;07:00:47:044;2.9724014;-2.0398598;9.367314;10.037070038780188;
0;07:00:47:055;2.8874073;-1.3299791;17.688362;17.971758409843954;
0;07:00:47:066;3.1663318;-2.9843724;11.178528;11.995483820174913;
0;07:00:47:075;-0.65242;-5.592855;9.408015;10.964325362924182;
0;07:00:47:086;1.6639702;-0.46447513;6.5230026;6.747895937168669;
0;07:00:47:096;1.0749966;0.06943185;11.585542;11.63551560476251;
0;07:00:47:108;2.5677812;0.9648633;11.749545;12.065498888472634;
0;07:00:47:117;-1.1923125;-1.472434;11.915942;12.06562725107626;
0;07:00:47:127;-1.1683705;-2.717419;10.107122;10.53106743628851;
0;07:00:47:138;1.9776106;-2.6970682;10.923545;11.424051685333872;
0;07:00:47:148;-0.2813187;-0.31124622;8.567651;8.577916877598218;
0;07:00:47:158;2.954445;-1.055843;9.5385;10.041241479844162;
0;07:00:47:169;1.5406688;-3.9851487;10.796653;11.611321390084253;
0;07:00:47:180;-0.40821138;1.411382;11.324574;11.419484108731458;
0;07:00:47:189;-3.0992942;-0.37828386;10.643424;11.091943212243416;
0;07:00:47:200;4.402937;-1.3084313;10.875661;11.805839154196775;
0;07:00:47:211;-3.288436;0.17597382;9.751583;10.292626298857337;
0;07:00:47:221;-0.08259996;2.1643584;7.5692687;7.873061410771746;
0;07:00:47:232;2.574964;2.4492683;12.237962;12.743510670493604;
0;07:00:47:243;-0.15442601;-0.4237737;12.138602;12.14697853478033;
0;07:00:47:253;1.8267759;1.258153;8.449138;8.735444087076369;
0;07:00:47:264;3.1675289;-0.52073884;12.931084;13.32356311143438;
0;07:00:47:274;-5.0661306;1.5119383;7.8876977;9.49565225796518;
0;07:00:47:285;0.4381389;-0.07062895;8.730456;8.741728878860515;
0;07:00:47:296;2.2517467;3.0585926;11.107899;11.739282793171263;
0;07:00:47:306;1.7633295;1.4137762;10.742783;10.977953926488732;
0;07:00:47:317;1.2653356;2.420538;12.066776;12.372031732478426;
0;07:00:47:327;1.532289;-0.6967127;10.8624935;10.992137526538855;
0;07:00:47:338;-0.5494693;-0.20231004;10.551247;10.567480594643364;
0;07:00:47:348;-3.0585926;-0.58777654;9.460688;9.96017460313824;
0;07:00:47:358;0.033518825;-1.1324574;8.307879;8.384774496632273;
0;07:00:47:368;2.0027497;2.0446482;10.80623;11.178827600577687;
0;07:00:47:378;-1.1216835;-0.39264908;10.957064;11.021324295809395;
0;07:00:47:388;-4.072537;1.4137762;7.8158712;8.925926557898187;
0;07:00:47:399;0.2681506;1.851915;12.179304;12.322213461066081;
0;07:00:47:410;5.08289;0.6488287;12.202049;13.234301786434147;
0;07:00:47:421;-5.076905;-0.61052144;9.064447;10.40730055812873;
0;07:00:47:432;-0.09816227;0.7637503;10.42196;10.450368292492398;
0;07:00:47:443;1.5741876;-1.2425907;9.297882;9.51171473947554;
0;07:00:47:454;1.9931729;0.724246;10.696096;10.904299498757073;
0;07:00:47:464;-0.03232172;0.9911995;9.127894;9.181610918838883;
0;07:00:47:474;-0.50278234;1.0546459;8.950723;9.026655354945854;
0;07:00:47:485;1.5693992;-0.7062895;12.492945;12.610928691453992;
0;07:00:47:496;-0.89303726;1.3383588;10.043676;10.171733239939602;
0;07:00:47:506;1.2294226;0.40462008;10.70687;10.78481634005742;
0;07:00:47:517;-0.78410107;-0.8487445;9.239224;9.311200147196512;
0;07:00:47:527;0.85473;1.4077905;5.889736;6.115670709141905;
0;07:00:47:538;-0.2765303;1.460463;10.00896;10.118729898716715;
0;07:00:47:547;1.2449849;1.7417817;10.69011;10.902396584317518;
0;07:00:47:558;-1.0402806;0.80205756;11.822568;11.895318246747594;
0;07:00:47:568;0.6476316;1.982399;8.671799;8.919048763582806;
0;07:00:47:579;1.9488802;0.044292733;11.56998;11.733052469995686;
0;07:00:47:590;0.24181437;-1.2892777;10.251971;10.335551444273623;
0;07:00:47:601;0.5638345;0.8595184;11.15698;11.204234644204947;
0;07:00:47:611;0.6476316;1.6699557;10.461464;10.613689550942643;
0;07:00:47:622;-0.110133275;1.1827357;11.216835;11.279556104975628;
0;07:00:47:633;-1.7872716;-0.20111294;10.316615;10.47221731584357;
0;07:00:47:643;0.35913026;1.0881647;8.9363575;9.009526191472236;
0;07:00:47:654;-0.22266077;1.4401124;8.836999;8.95634170985735;
0;07:00:47:665;2.2732944;1.4413095;9.065644;9.456804149095797;
0;07:00:47:676;4.4328647;1.270124;8.295909;9.49134392149158;
0;07:00:47:687;0.7398083;0.047884032;10.313024;10.339635301426444;
0;07:00:47:697;-0.08379706;-1.1623849;12.11466;12.17058559341018;
0;07:00:47:708;-0.7086837;0.7086837;8.702923;8.760441245196892;
0;07:00:47:718;5.153519;3.0202854;7.358579;9.477846516216696;
0;07:00:47:728;3.6236243;-1.5406688;12.133814;12.756713894637931;
0;07:00:47:739;-2.5594015;0.14724341;9.80665;10.136202795756368;
0;07:00:47:750;0.022744916;-0.39384618;10.286688;10.294249875798192;
0;07:00:47:761;-0.5482722;-3.6655228;9.660604;10.34716961624689;
0;07:00:47:771;-1.1384429;-5.2744265;12.747927;13.842877569328353;
0;07:00:47:782;1.8183962;-6.171055;14.622587;15.975247309864349;
0;07:00:47:792;-0.4345476;-4.104859;11.252748;11.985951147169914;
0;07:00:47:803;-0.61890113;-4.656722;10.833763;11.808408967293909;
0;07:00:47:813;-1.1324574;-2.291251;7.728483;8.140131549194004;
0;07:00:47:823;-1.827973;-3.309984;9.647436;10.361973685414693;
0;07:00:47:833;4.799177;-1.0749966;10.997766;12.047346805976682;
0;07:00:47:844;2.3259668;-3.1256304;12.076353;12.6892864303831;
0;07:00:47:855;-4.771644;-6.3601966;9.23683;12.18768654704988;
0;07:00:47:866;-6.6630635;-2.9987376;4.247314;8.451539516717455;
0;07:00:47:876;3.4488475;-5.035006;8.119935;10.157715113674255;
0;07:00:47:887;-0.6596026;-3.264494;8.759187;9.370984247354178;
0;07:00:47:897;5.705383;-1.4401124;7.6003933;9.612039137806232;
0;07:00:47:908;1.2485762;-1.5406688;4.2173862;4.660359252703359;
0;07:00:47:918;-4.6351743;-5.436035;9.324219;11.746334721713461;
0;07:00:47:929;7.2125325;-1.8112136;7.4124484;10.499786374779994;
0;07:00:47:940;1.9416976;-1.9907787;10.151415;10.52542704896045;
0;07:00:47:950;0.4333505;3.429694;5.6670756;6.638248081041354;
0;07:00:47:961;-5.303157;-0.36990416;7.955932;9.568550539336046;
0;07:00:47:971;-1.1719618;1.8674773;11.822568;12.02639093741311;
0;07:00:47:981;0.2873042;-2.1631613;16.406267;16.55075220893723;
0;07:00:47:991;4.0426097;3.8367083;8.565256;10.218935156961683;
0;07:00:48:002;-0.034715924;-3.3770216;14.277822;14.671798559605186;
0;07:00:48:013;1.3431472;7.759608;11.007342;13.534294931108402;
0;07:00:48:024;2.2409728;-3.2130187;18.283321;18.698270111852093;
0;07:00:48:034;3.867833;1.9560628;5.279215;6.830550891112241;
0;07:00:48:045;-6.301539;6.244078;3.3961751;9.499047884160097;
0;07:00:48:056;2.717419;2.4301147;11.657368;12.214092332779865;
0;07:00:48:066;2.517503;-0.90021986;14.616601;14.859113143394632;
0;07:00:48:077;-2.6479871;-4.59567;10.407595;11.681183275876181;
0;07:00:48:087;-5.231331;-3.9695864;13.062764;14.620541667375424;
0;07:00:48:097;0.9720459;-0.51475334;9.520543;9.583871135272009;
0;07:00:48:108;3.05141;-0.427365;12.762292;13.12896959130064;
0;07:00:48:119;6.283582;3.0214825;9.67018;11.921625417194193;
0;07:00:48:129;-6.873753;-1.9692309;14.026431;15.743796443832846;
0;07:00:48:139;-0.92416185;1.555034;11.042058;11.189247378486753;
0;07:00:48:150;0.7422025;3.7217865;8.738836;9.527319325896327;
0;07:00:48:160;-5.6443305;-0.8607155;11.244369;12.610912961892247;
0;07:00:48:171;-2.5091233;1.0666169;8.372523;8.80525504908814;
0;07:00:48:181;-0.9804256;2.9735985;6.411672;7.135339028337505;
0;07:00:48:192;1.7250223;-3.1268275;15.828068;16.225920222303166;
0;07:00:48:202;2.2230163;1.8243817;11.353305;11.71186190793701;
0;07:00:48:213;-1.448492;0.12210429;13.091495;13.171949718982914;
0;07:00:48:224;0.12689269;-0.7457938;10.086772;10.115101437929793;
0;07:00:48:234;0.1376666;-1.673547;12.394782;12.508010738786627;
0;07:00:48:245;0.20829555;-3.3650506;12.818556;13.254521012488826;
0;07:00:48:256;4.903325;0.9708488;9.543288;10.773091200697907;
0;07:00:48:266;-0.06584055;2.3953989;9.129091;9.43835687852532;
0;07:00:48:276;0.3890578;1.2880806;8.477868;8.583982819610211;
0;07:00:48:287;2.3463178;-1.8950106;8.865729;9.364690783559256;
0;07:00:48:297;4.8279076;-0.6667852;12.970588;13.85602543725901;
0;07:00:48:307;6.505046;1.4915876;9.340978;11.48017036125499;
0;07:00:48:318;4.0940847;1.8124107;9.016563;10.067014451577077;
0;07:00:48:329;0.830788;0.18076223;7.3609734;7.409913263675582;
0;07:00:48:339;3.7253778;-0.5530606;10.763134;11.403042276907742;
0;07:00:48:349;-1.8231846;-1.2904748;7.9750857;8.28198791671052;
0;07:00:48:359;0.027533319;-2.8107927;11.912351;12.23950243767593;
0;07:00:48:369;-1.5981296;-2.7509377;13.530831;13.899822404124842;
0;07:00:48:380;-0.18555063;-1.4975731;11.548432;11.646606710796778;
0;07:00:48:391;3.9935284;0.80205756;12.269087;12.927569572572834;
0;07:00:48:401;1.9369092;0.79367787;12.779052;12.949351903538636;
0;07:00:48:411;1.99437;1.4688427;7.6949644;8.083779339103728;
0;07:00:48:421;4.214992;-2.4768016;12.712014;13.619691707129997;
0;07:00:48:432;2.4887726;3.3303347;5.920861;7.234757019897965;
0;07:00:48:443;5.878962;-1.448492;12.272678;13.684990361035721;
0;07:00:48:454;0.5374983;1.5574282;4.9799395;5.245406002771485;
0;07:00:48:465;-1.9165585;1.4808137;7.3226657;7.712810006858998;
0;07:00:48:476;3.8726213;2.19668;4.7285485;6.494749442796622;
0;07:00:48:487;10.676943;1.328782;8.10557;13.470821920465381;
0;07:00:48:497;5.3163247;3.4835634;8.445546;10.570041108858979;
0;07:00:48:508;3.027468;-0.02633622;12.946646;13.295935125787153;
0;07:00:48:518;-1.364695;2.7856536;7.2352777;7.872197939376812;
0;07:00:48:528;-0.79248077;1.6591818;11.294646;11.44333587347177;
0;07:00:48:539;0.46686932;-1.9680338;13.730747;13.87892439046802;
0;07:00:48:550;1.1121067;2.4372973;6.397307;6.935613702244223;
0;07:00:48:560;-0.2813187;-1.8974048;9.639056;9.82805629882089;
0;07:00:48:571;-0.31004912;3.2225955;8.009802;8.639339303080416;
0;07:00:48:581;-2.0242975;-2.7712884;13.644555;14.069531119856737;
0;07:00:48:592;0.9660604;1.5155296;11.6908865;11.828226267936703;
0;07:00:48:602;2.292448;1.7705121;10.18254;10.586507926859037;
0;07:00:48:613;-2.7018566;-0.9540894;10.102334;10.500831934350561;
0;07:00:48:624;0.9600749;4.425682;8.772355;9.872316019870485;
0;07:00:48:635;1.9428947;-3.9193082;12.938266;13.657765040387739;
0;07:00:48:646;-3.1723173;-0.23104046;7.926005;8.540405726208897;
0;07:00:48:657;-0.10654198;0.5542577;12.209231;12.222270487680406;
0;07:00:48:666;1.1994951;0.022744916;8.911219;8.9916143557842;
0;07:00:48:677;-0.33758244;0.31004912;9.49301;9.504068808335418;
0;07:00:48:687;0.688333;0.11971009;11.282676;11.304287284510341;
0;07:00:48:698;2.4612393;1.2270284;11.384429;11.711896433387986;
0;07:00:48:708;2.4001873;0.36750996;10.824186;11.093194996020152;
0;07:00:48:718;1.3467385;0.8846575;7.48188;7.653421183003283;
0;07:00:48:728;2.706645;-0.90021986;9.623494;10.037328476823909;
0;07:00:48:739;2.0973208;1.7633295;11.081563;11.41530235287779;
0;07:00:48:757;1.210269;-0.017956512;9.17099;9.250520433786331;
0;07:00:48:768;-0.4309563;1.7226281;12.140997;12.270166108018236;
0;07:00:48:779;4.361038;-0.12689269;11.389217;12.196271507976897;
0;07:00:48:790;0.7015011;1.2354081;8.842984;8.956377913100006;
0;07:00:48:801;1.4975731;0.29688102;9.380483;9.5039106652014;
0;07:00:48:812;1.0845734;2.468422;9.412804;9.791337244430899;
0;07:00:48:822;1.0893618;0.5554548;10.175357;10.248567062328991;
0;07:00:48:833;0.009576807;1.091756;8.335413;8.40661257277451;
0;07:00:48:844;1.0319009;1.6089035;11.026496;11.190933808745307;
0;07:00:48:855;1.4568717;-0.25258827;10.662578;10.764610475260218;
0;07:00:48:864;2.2493525;1.4808137;10.2495775;10.597463671421094;
0;07:00:48:875;0.62728083;0.49559975;11.000159;11.029170458977575;
0;07:00:48:886;0.93014735;2.1308396;9.475053;9.756140706967106;
0;07:00:48:897;2.445677;1.4449008;10.010158;10.405399138802556;
0;07:00:48:907;-1.3730747;1.2258313;8.62152;8.815815187043645;
0;07:00:48:917;-1.2856863;-1.4329298;11.895591;12.050367826174176;
0;07:00:48:927;0.7769185;0.33638534;10.947487;10.980174144482595;
0;07:00:48:938;-0.142455;1.5765818;8.627506;8.771531561259742;
0;07:00:48:949;0.23822308;2.4193408;10.518925;10.79619060726597;
0;07:00:48:959;2.5845408;0.17717093;12.546814;12.811470995264362;
0;07:00:48:970;1.2880806;0.17238252;9.540894;9.628993407313454;
0;07:00:48:981;1.875857;1.0055647;10.307038;10.524497020600133;
0;07:00:48:991;1.2533646;-0.11971009;9.238028;9.323433212092612;
0;07:00:49:002;-1.1899183;0.89782566;10.016143;10.12645645027212;
0;07:00:49:012;1.0055647;0.8463503;10.0903635;10.175603555310307;
0;07:00:49:022;0.8690952;-0.39145198;11.4359045;11.47555930243537;
0;07:00:49:033;-0.7517793;0.8415619;10.724827;10.784030367822648;
0;07:00:49:043;0.40821138;0.22744916;10.873267;10.883303924879112;
0;07:00:49:053;2.4121583;1.1971009;9.181764;9.568507881514927;
0;07:00:49:063;0.79966336;0.6679823;9.1590185;9.21809534884249;
0;07:00:49:074;-0.29688102;0.38307226;10.170568;10.18210913192899;
0;07:00:49:084;1.1911154;0.1352724;10.052056;10.123284842189008;
0;07:00:49:095;0.4201824;0.7613561;10.524911;10.56077498395448;
0;07:00:49:104;1.364695;1.9919758;10.283096;10.562785308415565;
0;07:00:49:114;1.3754689;0.6655881;9.560047;9.68139574250269;
0;07:00:49:124;1.2114661;0.427365;11.294646;11.367467377353467;
0;07:00:49:135;0.7290344;-0.16879122;10.196905;10.224326755585448;
0;07:00:49:145;0.34476504;1.2270284;9.163807;9.25201682708437;
0;07:00:49:155;0.32680854;0.78290397;10.705673;10.739235745024272;
0;07:00:49:166;0.9792285;0.5351041;9.977836;10.040041294696888;
0;07:00:49:176;1.2054806;0.40701428;10.87207;10.946266715409543;
0;07:00:49:187;-0.12210429;-0.25617957;10.0664215;10.070420838003354;
0;07:00:49:197;0.81642276;1.4748282;10.773908;10.904987600985006;
0;07:00:49:208;2.2218192;0.24061728;10.304645;10.544196346764465;
0;07:00:49:219;0.59136784;1.1719618;10.896012;10.974802808793173;
0;07:00:49:229;0.48243165;0.1604115;9.61272;9.626154050132119;
0;07:00:49:240;1.2988545;2.112883;10.478224;10.767751541830892;
0;07:00:49:250;1.9871874;1.3204023;9.576807;9.869529271055766;
0;07:00:49:261;-0.6356605;-0.33399114;9.40203;9.429410789746985;
0;07:00:49:271;-1.6627731;-0.20590134;10.953473;11.080874598169206;
0;07:00:49:282;1.7405846;0.5231331;10.332177;10.490814550901481;
0;07:00:49:292;0.20709845;1.7896658;9.2547865;9.428513448297487;
0;07:00:49:302;-0.045489833;0.089782566;10.977415;10.977876436594142;
0;07:00:49:313;-0.34356794;-1.3491327;10.692505;10.78275719763749;
0;07:00:49:324;0.79008657;1.1791444;9.677363;9.780898602788362;
0;07:00:49:335;0.9888053;1.2605472;8.848969;8.992828903058676;
0;07:00:49:344;0.010773907;1.2761095;9.803059;9.88577416714488;
0;07:00:49:355;0.5422867;0.8439561;11.176133;11.221064676779505;
0;07:00:49:365;0.5315128;1.3084313;9.871294;9.97180741160795;
0;07:00:49:376;0.017956512;0.78050977;9.80665;9.837677938749698;
0;07:00:49:387;0.34715924;-0.32441434;10.469844;10.480619801254935;
0;07:00:49:398;0.1376666;-0.2896984;10.196905;10.201948346322636;
0;07:00:49:410;0.11971009;-0.17597382;10.032902;10.03515891093289;
0;07:00:49:420;0.33518824;-0.50757074;10.390836;10.408623685266193;
0;07:00:49:431;0.37110126;-0.62009823;10.362105;10.387274409850129;
0;07:00:49:441;0.38187516;-0.545878;10.237606;10.25925864770395;
0;07:00:49:452;0.2753332;-0.94930094;10.181343;10.229209469914796;
0;07:00:49:463;0.21068975;-0.9648633;10.309433;10.356628698355728;
0;07:00:49:474;0.24660277;-0.961272;10.28549;10.333255111234196;
0;07:00:49:484;0.22385786;-0.8738836;10.126276;10.166378288139715;
0;07:00:49:495;0.3172317;-0.80804306;10.323798;10.3602307456695;
0;07:00:49:506;0.33279404;-0.37828386;10.251971;10.264344389539467;
0;07:00:49:517;0.34835634;-0.17836803;10.196905;10.204412919408208;
0;07:00:49:527;0.25617957;-0.2837129;10.418368;10.425378396464689;
0;07:00:49:538;0.21906945;-0.30645782;10.3214035;10.328275693870383;
0;07:00:49:548;0.2908955;-0.21667525;10.19451;10.20096152766332;
0;07:00:49:559;0.35434186;-0.16759412;10.240001;10.247500231096758;
0;07:00:49:569;0.33877954;-0.06943185;10.33098;10.336766769808534;
0;07:00:49:579;0.32800564;-0.10534488;10.291476;10.297240648738251;
0;07:00:49:589;0.2789245;0.06823475;10.244789;10.248812723015545;
0;07:00:49:600;0.32920274;-0.03232172;10.272323;10.277647366999444;
0;07:00:49:610;0.24301147;-0.0011971008;10.19451;10.19740684307742;
0;07:00:49:621;0.2753332;-0.20709845;10.271125;10.276901299388976;
0;07:00:49:631;0.29927522;-0.2717419;10.275913;10.283861008454506;
0;07:00:49:642;0.31483752;-0.32561144;10.241198;10.251208350435716;
0;07:00:49:653;0.34356794;-0.31004912;10.232818;10.243277229166194;
0;07:00:49:663;0.30047232;-0.30166942;10.248381;10.257221562257788;
0;07:00:49:674;0.24779987;-0.34955344;10.292673;10.301587799055087;
0;07:00:49:685;0.25498247;-0.34117374;10.272323;10.281149449190107;
0;07:00:49:696;0.31244332;-0.32441434;10.235212;10.245117885643028;
0;07:00:49:707;0.33039984;-0.2837129;10.245986;10.255237264803865;
0;07:00:49:717;0.31004912;-0.272939;10.261548;10.269858499088905;
0;07:00:49:727;0.2908955;-0.23702596;10.248381;10.255247680113277;
0;07:00:49:737;0.2681506;-0.25258827;10.262746;10.26935517750354;
0;07:00:49:748;0.2813187;-0.20350714;10.25676;10.262634677909302;
0;07:00:49:759;0.2908955;-0.17357962;10.262746;10.268335086290081;
0;07:00:49:770;0.31603462;-0.1436521;10.262746;10.268615565752135;
0;07:00:49:781;0.30526072;-0.17477672;10.263943;10.269968446499231;
0;07:00:49:791;0.30047232;-0.2861071;10.262746;10.27112913705207;
0;07:00:49:802;0.29688102;-0.24540567;10.222044;10.229298224966021;
0;07:00:49:813;0.2777274;-0.2681506;10.266336;10.273592709141253;
0;07:00:49:823;0.29927522;-0.2657564;10.271125;10.278920011082793;
0;07:00:49:833;0.29209262;-0.2885013;10.254366;10.262581151903943;
0;07:00:49:844;0.29328972;-0.2681506;10.268731;10.276417625627552;
0;07:00:49:855;0.29568392;-0.2789245;10.236409;10.244476691043806;
0;07:00:49:866;0.272939;-0.2777274;10.272323;10.279700443638301;
0;07:00:49:877;0.29807812;-0.24540567;10.254366;10.261632134079635;
0;07:00:49:887;0.30765492;-0.22505496;10.274716;10.281784646646686;
0;07:00:49:898;0.2896984;-0.24660277;10.253169;10.260224987634286;
0;07:00:49:908;0.2813187;-0.23104046;10.234015;10.24048787206499;
0;07:00:49:918;0.2705448;-0.21787235;10.26514;10.271015488026169;
0;07:00:49:929;0.2873042;-0.24301147;10.281899;10.288782948698534;
0;07:00:49:940;0.31004912;-0.2621651;10.269928;10.277951346183329;
0;07:00:49:951;0.31244332;-0.2741361;10.277111;10.285513043327159;
0;07:00:49:962;0.2705448;-0.2693477;10.291476;10.29855458015491;
0;07:00:49:972;0.29568392;-0.2621651;10.289082;10.296667163470564;
0;07:00:49:982;0.2825158;-0.2741361;10.248381;10.255938414699713;
0;07:00:49:992;0.30286652;-0.2777274;10.277111;10.28532315070621;
0;07:00:50:002;0.29688102;-0.25617957;10.278308;10.28578526608635;
0;07:00:50:013;0.30885202;-0.23343466;10.242394;10.249708590203042;
0;07:00:50:024;0.29209262;-0.25139117;10.241198;10.248445718665709;
0;07:00:50:035;0.2765303;-0.22744916;10.277111;10.283346501552698;
0;07:00:50:046;0.29568392;-0.24540567;10.248381;10.255581708355592;
0;07:00:50:056;0.2885013;-0.23463176;10.242394;10.249142866815475;
0;07:00:50:067;0.29927522;-0.23463176;10.242394;10.249451785430061;
0;07:00:50:077;0.30047232;-0.23702596;10.237606;10.244756706629364;
0;07:00:50:088;0.2908955;-0.24779987;10.255563;10.262679654406291;
0;07:00:50:099;0.2789245;-0.2777274;10.250774;10.258328659424285;
0;07:00:50:109;0.2777274;-0.2693477;10.250774;10.258072814195078;
0;07:00:50:120;0.29688102;-0.25617957;10.226832;10.234347417663214;
0;07:00:50:131;0.2885013;-0.25498247;10.243592;10.250825802171493;
0;07:00:50:142;0.29568392;-0.25737667;10.247183;10.254678170349443;
0;07:00:50:153;0.29568392;-0.260968;10.259154;10.266731562553833;
0;07:00:50:163;0.2717419;-0.24540567;10.260351;10.266882414429356;
0;07:00:50:173;0.29448682;-0.2705448;10.2495775;10.257375901076092;
0;07:00:50:183;0.29209262;-0.25977087;10.220847;10.2283192663628;
0;07:00:50:194;0.29688102;-0.2705448;10.230424;10.238305841013963;
0;07:00:50:204;0.30645782;-0.30406362;10.263943;10.273017532409424;
0;07:00:50:215;0.30166942;-0.2681506;10.261548;10.269482960375244;
0;07:00:50:224;0.31244332;-0.25378537;10.269928;10.277813276166585;
0;07:00:50:234;0.30286652;-0.25378537;10.254366;10.261976362987381;
0;07:00:50:245;0.29448682;-0.25498247;10.240001;10.247407166580984;
0;07:00:50:256;0.29448682;-0.24660277;10.231621;10.23882819981239;
0;07:00:50:266;0.2741361;-0.23942018;10.247183;10.253644341893231;
0;07:00:50:276;0.30047232;-0.2717419;10.235212;10.243226953713998;
0;07:00:50:286;0.2908955;-0.260968;10.261548;10.26898704993527;
0;07:00:50:297;0.29568392;-0.25498247;10.248381;10.255815298479368;
0;07:00:50:307;0.29568392;-0.2645593;10.269928;10.277589094016612;
0;07:00:50:318;0.2896984;-0.272939;10.248381;10.256106906708604;
0;07:00:50:328;0.29688102;-0.25498247;10.261548;10.269007852652175;
0;07:00:50:339;0.30286652;-0.2621651;10.245986;10.253813615652996;
0;07:00:50:350;0.2908955;-0.25857377;10.232818;10.240216680260794;
0;07:00:50:361;0.2837129;-0.24540567;10.269928;10.276776578325537;
0;07:00:50:371;0.30166942;-0.23343466;10.266336;10.2734200481078;
0;07:00:50:381;0.30166942;-0.25258827;10.2495775;10.257126726410307;
0;07:00:50:392;0.2873042;-0.25737667;10.280702;10.287935350182332;
0;07:00:50:402;0.28491;-0.25857377;10.279505;10.286702759490495;
0;07:00:50:413;0.2908955;-0.25857377;10.281899;10.289263075232729;
0;07:00:50:423;0.29448682;-0.25977087;10.2495775;10.25709734571495;
0;07:00:50:433;0.29568392;-0.2657564;10.262746;10.27044350978551;
0;07:00:50:444;0.29568392;-0.2705448;10.266336;10.274156343672153;
0;07:00:50:455;0.29448682;-0.2633622;10.287885;10.295467483111235;
0;07:00:50:466;0.31603462;-0.24181437;10.250774;10.258495624744896;
0;07:00:50:477;0.30286652;-0.25737667;10.26514;10.27283149353338;
0;07:00:50:488;0.29328972;-0.25498247;10.254366;10.261727671770009;
0;07:00:50:498;0.2801216;-0.25378537;10.253169;10.260134269326565;
0;07:00:50:508;0.2813187;-0.25857377;10.230424;10.237557278986396;
0;07:00:50:519;0.29688102;-0.2801216;10.235212;10.243347986791996;
0;07:00:50:529;0.30047232;-0.2621651;10.241198;10.248957883380754;
0;07:00:50:539;0.28491;-0.24660277;10.250774;10.25769758777505;
0;07:00:50:549;0.2873042;-0.25977087;10.281899;10.28919226261188;
0;07:00:50:559;0.2861071;-0.2645593;10.275913;10.283299018724298;
0;07:00:50:569;0.2885013;-0.25857377;10.263943;10.271251698317752;
0;07:00:50:579;0.30047232;-0.25139117;10.248381;10.255865884174758;
0;07:00:50:589;0.2861071;-0.2753332;10.262746;10.27042456710404;
0;07:00:50:599;0.2741361;-0.24301147;10.274716;10.28124517655187;
0;07:00:50:610;0.30166942;-0.2669535;10.236409;10.244332211923904;
0;07:00:50:620;0.30047232;-0.22984336;10.272323;10.279286298505388;
0;07:00:50:631;0.30645782;-0.23822308;10.268731;10.276064599938508;
0;07:00:50:642;0.30526072;-0.25258827;10.290278;10.297903377136715;
0;07:00:50:652;0.2908955;-0.2753332;10.278308;10.286109402046012;
0;07:00:50:662;0.2873042;-0.2681506;10.248381;10.25591312206208;
0;07:00:50:673;0.2765303;-0.24061728;10.26514;10.27168250813135;
0;07:00:50:683;0.29448682;-0.25258827;10.254366;10.26170276514267;
0;07:00:50:694;0.31004912;-0.25737667;10.247183;10.255102608779765;
0;07:00:50:704;0.2896984;-0.25139117;10.245986;10.25316329153643;
0;07:00:50:714;0.29807812;-0.24061728;10.269928;10.277069818897797;
0;07:00:50:724;0.2896984;-0.23822308;10.228029;10.234903895565646;
0;07:00:50:735;0.30645782;-0.24779987;10.263943;10.271506101125054;
0;07:00:50:745;0.31364042;-0.25977087;10.292673;10.30072644088566;
0;07:00:50:756;0.30645782;-0.25258827;10.279505;10.287173341777105;
0;07:00:50:766;0.2861071;-0.2621651;10.247183;10.254527882942773;
0;07:00:50:777;0.2896984;-0.2705448;10.266336;10.273985919891505;
0;07:00:50:787;0.2801216;-0.2825158;10.237606;10.245333842269405;
0;07:00:50:798;0.29448682;-0.2645593;10.263943;10.271574064604142;
0;07:00:50:809;0.30286652;-0.2753332;10.28549;10.293631012257235;
0;07:00:50:820;0.2693477;-0.25737667;10.272323;10.279076250779344;
0;07:00:50:831;0.30047232;-0.2741361;10.261548;10.269605912742092;
0;07:00:50:841;0.2908955;-0.2765303;10.247183;10.255039743897914;
0;07:00:50:851;0.30047232;-0.25139117;10.284293;10.29175232968735;
0;07:00:50:862;1.151611;-0.22505496;9.168595;9.243375726000307;
0;07:00:50:872;0.62009823;0.40342298;10.736797;10.762252921747386;
0;07:00:50:883;0.5770026;-0.19273324;10.662578;10.679917529069893;
0;07:00:50:893;0.48482585;-0.25378537;10.594342;10.60846599566827;
0;07:00:50:903;1.0498575;0.08738836;9.787497;9.844030176444305;
0;07:00:50:913;0.4357447;-0.19871874;10.128671;10.139986979158307;
