Round;Timestamp;AccX;AccY;AccZ;Acc Vector a;;;
0;03:34:36:783;9.71E-05;-0.017182443;-0.02117443;0.027269072;;4.70E+00;-3.6563804
0;03:34:36:794;9.71E-05;-0.017182443;-0.02117443;0.027269072;;4.0509143;-2.8543699
0;03:34:36:804;-0.008531742;-0.006845072;-0.010437965;0.015119416;;0.9269333;-0.8405094
0;03:34:36:814;-0.007678568;-0.023398817;-7.75E-04;0.024638714;;;
0;03:34:36:824;0.001708411;-0.00382068;0.007921219;0.008958904;;;
0;03:34:36:834;0.001537569;0.013799639;-0.001490593;0.013964814;;;
0;03:34:36:844;0.001383811;0.012419676;-0.00134182;0.012568364;;;
0;03:34:36:854;0.001245432;0.019796833;-0.018445015;0.027086607;;;
0;03:34:36:864;0.001120888;0.009198027;-0.016599655;0.01901075;;;
0;03:34:36:875;-0.01622945;-0.017579153;0.002298355;0.024035477;;;
0;03:34:36:885;-0.005987369;0.001417015;0.010687828;0.012332323;;;
0;03:34:36:895;-0.005388632;-0.01596294;0.018238068;0.024829013;;;
0;03:34:36:905;-0.004849769;-0.014366645;0.007795334;0.017049574;;;
0;03:34:36:915;0.004254334;-0.01292998;-0.001603127;0.013705975;;;
0;03:34:36:925;0.003828898;0.005601272;-0.010062218;0.012136018;;;
0;03:34:36:935;0.003446005;0.005041145;-4.37E-04;0.006121999;;;
0;03:34:36:946;0.003101409;-0.004082091;0.008226395;0.009693078;;;
0;03:34:36:956;0.002791271;0.004945241;0.007403374;0.00933041;;;
0;03:34:36:967;0.002512142;0.013069844;-0.001955986;0.013452047;;;
1;03:34:36:978;0.002260931;0.003143732;-0.010379791;0.01107858;;;
1;03:34:36:987;-0.00678777;-0.006934613;0.007968903;0.012556515;;;
1;03:34:36:998;0.00225912;-0.015098076;-0.003026962;0.015563355;;;
1;03:34:37:008;0.001829892;-0.004472226;-0.011933327;0.012874533;;;
1;03:34:37:018;0.001829892;-0.004472226;-0.011933327;0.012874533;;;
1;03:34:37:028;0.001646906;0.004594121;-0.01074028;0.011797113;;;
1;03:34:37:038;0.001482219;0.004134707;0.016191483;0.016776677;;;
1;03:34:37:049;0.001482219;0.004134707;0.016191483;0.016776677;;;
1;03:34:37:059;0.001333997;0.012340365;-0.002666473;0.012695442;;;
1;03:34:37:069;0.009819716;0.011106329;0.00621891;0.016076449;;;
1;03:34:37:079;2.19E-04;0.001376569;-0.020259857;0.020307746;;;
1;03:34:37:089;1.97E-04;-0.00738021;0.016242981;0.017842103;;;
1;03:34:37:099;1.77E-04;0.001976937;-0.002619743;0.003286745;;;
1;03:34:37:110;-0.017078876;0.001779243;0.006261826;0.018277423;;;
1;03:34:37:120;0.001867265;-0.015636932;0.005635262;0.016725923;;;
1;03:34:37:130;0.001680538;-0.005454108;-0.012166977;0.013439004;;;
1;03:34:37:140;0.001512483;0.012329554;-0.019569397;0.023179017;;;
1;03:34:37:150;0.001361236;0.002477471;-0.008994103;0.009427869;;;
1;03:34:37:161;0.001225114;0.002229724;-0.008094788;0.008485173;;;
2;03:34:37:170;0.001102604;0.002006751;0.009952545;0.010212538;;;
2;03:34:37:181;9.92E-04;0.001806077;0.008956909;0.009190913;;;
2;03:34:37:191;8.93E-04;0.001625467;-0.009177208;0.009362742;;;
2;03:34:37:201;-0.007815324;0.001462922;0.008978844;0.011993292;;;
2;03:34:37:211;0.001585335;0.001316629;-5.38E-04;0.002129813;;;
2;03:34:37:221;0.001426801;0.001184966;0.025373459;0.025441154;;;
2;03:34:37:232;0.010636747;0.00354556;-0.005304337;0.012403522;;;
2;03:34:37:241;9.54E-04;0.011810133;-0.022011757;0.024998135;;;
2;03:34:37:251;8.59E-04;-0.006609127;-0.00257206;0.00714375;;;
2;03:34:37:261;7.73E-04;0.011290038;-0.010933876;0.015735681;;;
2;03:34:37:271;6.95E-04;0.001541909;-0.001221657;0.002086516;;;
2;03:34:37:281;6.26E-04;0.010006847;-0.001099587;0.010086516;;;
2;03:34:37:291;5.63E-04;3.87E-04;0.007629395;0.007659946;;;
2;03:34:37:302;5.07E-04;-0.008270793;-0.010372162;0.013275721;;;
2;03:34:37:312;4.56E-04;-0.01606284;0.007903099;0.017907596;;;
2;03:34:37:322;-0.008208469;-0.005837426;-0.001506805;0.010184545;;;
2;03:34:37:332;0.001231507;0.003365442;0.015882492;0.01628178;;;
2;03:34:37:342;0.001108356;-0.005590223;-0.002943993;0.006414525;;;
2;03:34:37:352;9.98E-04;-0.005031198;0.005970001;0.007870763;;;
3;03:34:37:362;8.98E-04;-0.004528076;-0.02048397;0.020997679;;;
3;03:34:37:372;8.08E-04;0.004543856;-0.009817123;0.010847829;;;
3;03:34:37:382;7.27E-04;0.012708599;-0.008835793;0.015495435;;;
3;03:34:37:393;6.54E-04;-0.005800508;0.009285927;0.010968257;;;
3;03:34:37:402;5.89E-04;0.003398668;-2.62E-04;0.003459289;;;
3;03:34:37:413;5.30E-04;-0.005560324;-0.00885582;0.010470137;;;
3;03:34:37:423;4.77E-04;0.003614832;-0.00797081;0.008765184;;;
3;03:34:37:433;4.29E-04;-0.005365774;0.001444817;0.005573456;;;
3;03:34:37:444;3.86E-04;0.003789928;0.001299858;0.004025237;;;
3;03:34:37:454;3.48E-04;-0.005208187;0.009789467;0.011094136;;;
3;03:34:37:464;3.13E-04;0.003931757;1.92E-04;0.003948854;;;
3;03:34:37:475;2.54E-04;0.021284886;0.001016617;0.021310658;;;
3;03:34:37:486;2.28E-04;0.001918145;0.009533882;0.009727603;;;
3;03:34:37:495;2.05E-04;-0.006892793;0.008580208;0.011007849;;;
3;03:34:37:505;1.85E-04;0.002415612;-8.97E-04;0.002583543;;;
3;03:34:37:515;1.66E-04;-0.006445073;-8.08E-04;0.006497624;;;
3;03:34:37:525;1.50E-04;-0.014419694;-0.009346008;0.017184233;;;
3;03:34:37:535;1.35E-04;-0.004358597;2.08E-04;0.004365633;;;
3;03:34:37:545;1.21E-04;-0.003922738;-0.008432388;0.009300954;;;
4;03:34:37:556;1.09E-04;-0.003530465;-0.00758934;0.008371032;;;
4;03:34:37:566;9.82E-05;0.014060834;0.010407448;0.017493761;;;
4;03:34:37:577;8.84E-05;0.012654753;-0.007871628;0.01490346;;;
4;03:34:37:587;7.96E-05;-0.005848974;0.001534462;0.006047429;;;
4;03:34:37:597;7.16E-05;0.011974176;-0.007238388;0.01399215;;;
4;03:34:37:608;6.44E-05;-0.006461494;0.019343376;0.020394148;;;
4;03:34:37:617;5.80E-05;0.00280378;0.008790016;0.009226534;;;
4;03:34:37:628;5.22E-05;-0.006095722;-7.09E-04;0.00613699;;;
4;03:34:37:638;4.70E-05;-0.022724405;0.016600609;0.028142157;;;
4;03:34:37:648;4.23E-05;-0.003213711;-0.002297401;0.003950668;;;
4;03:34:37:659;3.81E-05;0.005726785;-0.010686874;0.012124636;;;
4;03:34:37:669;-0.008584872;0.013773235;-0.009618759;0.018865909;;;
4;03:34:37:679;-0.007726379;0.003776785;0.025819778;0.027214371;;;
4;03:34:37:690;0.001665384;0.02063736;0.005999565;0.02155618;;;
4;03:34:37:701;0.001348965;-0.008279204;-0.009792328;0.012893976;;;
4;03:34:37:712;0.001214072;0.009786969;-0.008813858;0.013226596;;;
4;03:34:37:723;0.001092665;-0.017049108;0.017925262;0.024762493;;;
4;03:34:37:732;9.83E-04;-0.006725065;0.024752617;0.025668768;;;
4;03:34:37:742;8.85E-04;-0.006052561;-0.003580093;0.007087588;;;
5;03:34:37:753;7.97E-04;0.011790948;-0.003222466;0.012249296;;;
5;03:34:37:762;7.17E-04;0.001992729;-0.020137787;0.020248836;;;
5;03:34:37:772;6.45E-04;0.001793455;-8.86E-04;0.002101836;;;
5;03:34:37:782;5.81E-04;0.001614109;0.007822037;0.008007921;;;
5;03:34:37:792;-0.008096501;0.001452699;0.015659332;0.017688367;;;
5;03:34:37:802;0.009951398;0.001307428;-0.020382881;0.022720069;;;
5;03:34:37:812;3.37E-04;-0.007442437;-0.001106262;0.007531756;;;
5;03:34:37:822;-0.008315705;-0.015317321;-9.96E-04;0.01745745;;;
5;03:34:37:832;0.001134992;-0.01378559;-8.96E-04;0.013861253;;;
5;03:34:37:842;0.00102149;0.013450349;0.016431808;0.021259343;;;
5;03:34:37:852;9.19E-04;-0.005132936;0.006169319;0.008077916;;;
5;03:34:37:862;8.27E-04;-0.004619643;-0.003067017;0.005606451;;;
5;03:34:37:873;7.45E-04;0.004461445;-0.011380196;0.012246137;;;
5;03:34:37:882;6.70E-04;0.0040153;-0.018860817;0.019295135;;;
5;03:34:37:893;6.03E-04;0.00361377;0.008882523;0.009608453;;;
5;03:34:37:903;5.43E-04;-0.013985857;0.007994652;0.016118728;;;
5;03:34:37:914;4.89E-04;0.00465098;-0.001423836;0.004888521;;;
5;03:34:37:925;4.40E-04;0.004185882;-0.001281738;0.004399751;;;
5;03:34:37:935;3.56E-04;0.003390562;-0.001038551;0.003563896;;;
5;03:34:37:945;-0.008298568;-0.022805873;0.007684708;0.025456411;;;
6;03:34:37:954;-0.008298568;-0.022805873;0.007684708;0.025456411;;;
6;03:34:37:966;0.035511874;0.030656265;-0.001533508;0.046938803;;;
6;03:34:37:975;0.23020057;0.33787918;-0.027236938;0.409751747;;;
6;03:34:37:986;0.18994227;0.82985795;-0.024513245;0.85167081;;;
6;03:34:37:998;0.7484294;1.8673584;-0.116871834;2.015150976;;;
6;03:34:38:008;1.0011133;1.8271476;0.015482903;2.083491345;;;
6;03:34:38:018;1.0647653;1.5754799;-0.06363773;1.902606546;;;
6;03:34:38:029;1.0789566;1.5299805;-0.014178276;1.872214919;;;
6;03:34:38:039;0.505628;2.0751317;0.19409847;2.144645757;;;
6;03:34:38:050;-0.42408562;2.591625;-0.23040962;2.636182309;;;
6;03:34:38:060;-0.7522995;2.3927963;-0.08670044;2.509769995;;;
6;03:34:38:071;-0.80635643;2.0845637;-0.15560246;2.24049755;;;
6;03:34:38:082;-0.89448416;1.6703963;0.111849785;1.898113835;;;
6;03:34:38:091;-1.3049451;1.451642;0.30752373;1.97603573;;;
6;03:34:38:102;-1.7691702;1.1254761;0.01819706;2.096900278;;;
6;03:34:38:112;-1.997352;0.91811824;-0.6817713;2.301557789;;;
6;03:34:38:123;-1.952761;0.19711018;0.119031906;1.966290103;;;
6;03:34:38:134;-2.0677736;-0.36560583;0.012318611;2.099882568;;;
7;03:34:38:145;-1.7489474;-1.3116255;0.47652054;2.237465062;;;
7;03:34:38:154;-0.79434645;-2.2061746;0.19118881;2.352604125;;;
7;03:34:38:165;-0.79434645;-2.2061746;0.19118881;2.352604125;;;
7;03:34:38:175;-0.23224068;-2.269988;-0.12959957;2.285514712;;;
7;03:34:38:186;0.790802;-2.7411385;0.004027367;2.852932536;;;
7;03:34:38:196;1.7632551;-2.768694;-0.17737675;3.287278079;;;
7;03:34:38:207;2.4660804;-2.4745862;-0.3061638;3.506973948;;;
7;03:34:38:217;2.943479;-2.3046997;-0.060069084;3.7388927;;;
7;03:34:38:228;2.9815233;-2.3236203;0.4598732;3.807909594;;;
7;03:34:38:238;2.769562;-2.3670702;-0.034308434;3.643442267;;;
7;03:34:38:249;1.9840775;-2.8543699;-0.34116554;3.492904965;;;
7;03:34:38:260;0.6220876;-2.4051692;0.020477295;2.484401583;;;
7;03:34:38:269;-0.37098676;-1.3803117;-0.016047478;1.429387629;;;
7;03:34:38:280;-0.74760616;-1.2078041;0.14070225;1.427411211;;;
7;03:34:38:291;-1.0003723;-1.2335489;0.18696594;1.599169697;;;
7;03:34:38:302;-1.2192426;-1.2739574;0.12517357;1.767820226;;;
7;03:34:38:311;-1.1835096;-1.241372;0.2764187;1.737269898;;;
7;03:34:38:322;-1.0048248;-1.1689495;-0.10460663;1.545010763;;;
7;03:34:38:332;-0.55095804;-1.1037693;0.017902374;1.233767396;;;
7;03:34:38:342;-0.3493371;-0.95891595;-0.14765072;1.031192027;;;
7;03:34:38:353;-0.37473726;-0.7251184;0.15154552;0.830175129;;;
7;03:34:38:363;-0.35450178;-0.4112711;0.0932951;0.550925946;;;
7;03:34:38:374;-0.42248112;-0.30980992;0.04948902;0.526233437;;;
7;03:34:38:385;-0.59647393;0.042104125;0.021123886;0.59833112;;;
7;03:34:38:394;-0.002440689;1.5979555;0.010393143;1.597991088;;;
7;03:34:38:405;0.092613764;1.5674467;0.035211563;1.570575142;;;
7;03:34:38:415;0.07473326;1.4193213;0.040309906;1.421858903;;;
7;03:34:38:427;0.08449818;1.2773892;0.019040108;1.280322414;;;
7;03:34:38:437;0.07604836;1.1755075;0.01713562;1.1780895;;;
7;03:34:38:447;0.0598244;1.0665759;0.032660484;1.068751457;;;
7;03:34:38:458;0.053841956;0.9771565;0.020775795;0.978859268;;;
7;03:34:38:469;0.057076883;0.8708217;0.018698692;0.872890518;;;
7;03:34:38:480;0.042750068;0.7578821;-4.10E-04;0.759086992;;;
7;03:34:38:490;0.04709418;0.66485566;0.016869545;0.66673495;;;
7;03:34:38:501;0.033765636;0.6069892;0.015182495;0.608117199;;;
7;03:34:38:512;0.035969295;0.5157948;0.02867508;0.517841977;;;
7;03:34:38:523;0.02375324;0.45559618;0.008569717;0.456295448;;;
7;03:34:38:534;0.012758791;0.41003653;-9.07E-04;0.410235988;;;
7;03:34:38:545;0.020102046;0.3517946;-0.009435654;0.352494773;;;
7;03:34:38:555;0.018091843;0.3252343;1.27E-04;0.325737121;;;
7;03:34:38:565;0.024901785;0.30132997;1.14E-04;0.302357174;;;
7;03:34:38:575;0.005173355;0.27119696;-0.008516312;0.271379958;;;
7;03:34:38:585;0.021894276;0.24407724;-0.007664681;0.245177083;;;
7;03:34:38:595;0.019704849;0.21105039;-0.00689888;0.212080508;;;
7;03:34:38:605;0.017734364;0.19856447;-0.006209374;0.199451535;;;
7;03:34:38:616;0.015960924;0.17870802;0.003030777;0.179444958;;;
7;03:34:38:627;0.005745709;0.16083722;-0.0058918;0.16104763;;;
7;03:34:38:638;0.005171143;0.13613439;0.003315926;0.136272909;;;
7;03:34:38:649;0.012807749;0.11113075;0.002685547;0.111898592;;;
7;03:34:38:660;0.00290785;0.09139854;0.011035919;0.092108305;;;
7;03:34:38:671;0.011236191;0.09949693;0.00131321;0.100137986;;;
7;03:34:38:682;0.001493447;0.08954723;0.001181603;0.08956748;;;
7;03:34:38:693;0.001344107;0.080592506;0.001063347;0.080610728;;;
7;03:34:38:703;0.001209699;0.07253325;-0.007662773;0.072946926;;;
7;03:34:38:713;-0.007530406;0.0566608;0.001722336;0.057184962;;;
7;03:34:38:724;0.001841769;0.050994717;0.001549721;0.051051491;;;
7;03:34:38:735;0.001657598;0.03727612;0.001394272;0.037338997;;;
7;03:34:38:744;-0.0071273;0.042167634;0.001255035;0.042784143;;;
7;03:34:38:755;0.010823689;0.046569988;0.00112915;0.047824587;;;
7;03:34:38:765;1.48E-04;0.029102564;0.009532929;0.030624466;;;
7;03:34:38:776;1.33E-04;0.017573185;0.008579254;0.019556027;;;
7;03:34:38:787;0.008739062;0.024434991;-0.00951767;0.027641021;;;
7;03:34:38:797;-7.54E-04;0.039229743;5.34E-05;0.039237023;;;
7;03:34:38:807;-6.79E-04;0.009449393;0.008666992;0.012840102;;;
7;03:34:38:818;0.008008413;0.017123576;-8.19E-04;0.018921487;;;
7;03:34:38:829;-0.00141155;0.015411217;-7.37E-04;0.015493274;;;
7;03:34:38:840;0.007348731;0.013870094;-6.64E-04;0.015710631;;;
7;03:34:38:849;0.006613858;0.012483083;-5.98E-04;0.014139591;;;
7;03:34:38:860;-0.002666652;0.019853903;0.008081436;0.021600882;;;
7;03:34:38:870;-0.002399981;0.035106763;-0.009964943;0.036572459;;;
7;03:34:38:881;0.006459139;0.005738709;-0.017586708;0.01959453;;;
7;03:34:38:890;-0.002805896;0.005164839;0.001410484;0.006044674;;;
7;03:34:38:901;0.006093815;0.013267482;0.018507957;0.023573399;;;
7;03:34:38:911;0.0057979;0.002989445;-0.008280754;0.010541504;;;
7;03:34:38:921;0.0057979;0.002989445;-0.008280754;0.010541504;;;
7;03:34:38:932;0.006420128;0.00242145;0.001049995;0.006941466;;;
7;03:34:38:943;-0.002841003;0.010798434;9.45E-04;0.011205831;;;
7;03:34:38:952;0.006062225;-0.007519662;0.018089294;0.020506547;;;
7;03:34:38:963;0.005456001;0.010470556;0.007660866;0.014074422;;;
7;03:34:38:972;-0.01232785;0.009423504;0.006895065;0.016979995;;;
7;03:34:38:983;-0.002475932;0.008481154;0.006205559;0.010796721;;;
7;03:34:38:992;-0.019466594;-9.86E-04;0.005584717;0.02027584;;;
7;03:34:39:003;-0.008900806;-0.009506606;0.005025864;0.013959198;;;
7;03:34:39:012;-0.016629852;0.008682309;0.004523277;0.019297526;;;
7;03:34:39:023;-0.014966868;-0.009424172;0.004071236;0.018149301;;;
7;03:34:39:032;0.012387201;-0.008481756;-0.0135746;0.020239879;;;
7;03:34:39:043;0.011148483;-0.007633582;-0.012217522;0.018216149;;;
7;03:34:39:053;0.010033637;0.001748901;-0.002376556;0.010458516;;;
7;03:34:39:064;0.009030275;0.010193137;-0.002139092;0.013784833;;;
7;03:34:39:075;0.00812725;-0.008064427;-0.001925468;0.011610108;;;
7;03:34:39:086;0.007314526;0.009980267;-0.001732826;0.012494426;;;
7;03:34:39:097;0.006786682;-0.008292317;0.0072155;0.012918398;;;
7;03:34:39:108;0.006108016;0.00115604;-0.00212574;0.00656986;;;
7;03:34:39:119;-0.003121905;0.001040436;-0.001913071;0.003806394;;;
7;03:34:39:130;-0.002809711;9.36E-04;0.006896973;0.007505967;;;
7;03:34:39:141;0.006090388;8.43E-04;-0.002411842;0.006604547;;;
7;03:34:39:151;-0.003137775;7.58E-04;0.006448746;0.007211604;;;
7;03:34:39:161;-0.002823994;6.83E-04;-0.002815247;0.004045557;;;
7;03:34:39:172;-0.002541594;6.14E-04;0.006085396;0.006623382;;;
7;03:34:39:181;0.00633169;5.53E-04;-0.011761665;0.013369099;;;
7;03:34:39:192;-0.002920598;4.98E-04;-0.001966476;0.003555919;;;
7;03:34:39:201;0.005990587;0.009067001;-0.00177002;0.011010477;;;
7;03:34:39:211;0.005391531;-0.009077951;0.007025719;0.012682213;;;
7;03:34:39:221;0.004852377;0.009068096;-0.002296448;0.010538007;;;
7;03:34:39:231;0.004367143;0.00816129;-0.010685921;0.01413745;;;
7;03:34:39:241;0.003930427;0.007345161;0.007620812;0.011290545;;;
7;03:34:39:251;-0.005081736;-0.002008483;-0.010379791;0.011730222;;;
7;03:34:39:262;-0.004573561;0.006811494;-0.009342194;0.012433443;;;
7;03:34:39:273;0.004914545;0.006379226;-0.009291649;0.01229561;;;
7;03:34:39:284;-0.012815163;-0.011496946;0.017495155;0.024545644;;;
7;03:34:39:295;-0.002914511;-0.001728129;0.007126808;0.007891273;;;
7;03:34:39:307;0.005996063;0.007063812;0.006414414;0.011269202;;;
7;03:34:39:317;-0.003222667;-0.002261695;-0.011466026;0.012123143;;;
7;03:34:39:327;0.005718723;-0.002035525;-0.01031971;0.011972617;;;
7;03:34:39:338;-0.012091398;-0.019070223;-0.009287834;0.024415961;;;
7;03:34:39:349;-0.06259701;-0.025782328;0.01749897;0.069923727;;;
7;03:34:39:359;-0.21148157;-0.06629972;-0.001489639;0.22163557;;;
7;03:34:39:370;-0.12138039;-0.26652876;-0.009960175;0.293035792;;;
7;03:34:39:381;-0.020745978;-1.2441499;0.04278469;1.245058209;;;
7;03:34:39:392;-0.044528753;-1.4989766;-0.013208389;1.499696065;;;
7;03:34:39:403;-0.93646497;-2.391993;-0.13255501;2.572191288;;;
7;03:34:39:413;-0.7049124;-2.1269364;-0.058965683;2.241481018;;;
7;03:34:39:423;0.22749141;-2.3710566;0.15378952;2.386904445;;;
7;03:34:39:433;0.52364993;-2.030521;-0.15463924;2.102650187;;;
7;03:34:39:443;0.7557161;-2.1377575;0.03320694;2.267645731;;;
7;03:34:39:453;1.0162903;-2.165317;0.17641068;2.398450522;;;
7;03:34:39:464;0.96637607;-2.0263574;-0.20323277;2.254176291;;;
7;03:34:39:474;0.6542603;-1.7892451;0.1618557;1.911975891;;;
7;03:34:39:485;0.22683093;-1.4810338;0.05947876;1.499483576;;;
7;03:34:39:496;-0.045806825;-1.3674068;-0.22228146;1.386112865;;;
7;03:34:39:507;-0.44632506;-1.3427148;-0.2862444;1.443615221;;;
7;03:34:39:518;-1.0975965;-0.8850498;0.45163918;1.480543552;;;
7;03:34:39:528;-1.0050752;-0.4517796;-0.20548248;1.120938918;;;
7;03:34:39:538;-0.4649922;-0.2514577;0.9269333;1.067077314;;;
7;03:34:39:549;0.06417807;-0.114263296;-0.12248325;0.179379687;;;
7;03:34:39:560;0.37666792;0.01783061;0.10524273;0.39150056;;;
7;03:34:39:570;0.2786672;-0.2425263;-0.43966675;0.574265848;;;
7;03:34:39:580;0.285277;0.72983;-0.07679272;0.787357566;;;
7;03:34:39:591;0.4980848;1.3205198;0.042934418;1.411985949;;;
7;03:34:39:601;0.2758938;1.7659492;-0.8405094;1.975132964;;;
7;03:34:39:612;-0.30331963;3.2011309;0.25197887;3.225327225;;;
7;03:34:39:623;-0.4195128;3.6998348;-0.12660217;3.725694215;;;
7;03:34:39:634;-0.71370745;3.786665;-0.26908588;3.862721463;;;
7;03:34:39:644;-1.0788741;4.0092688;0.19058704;4.156263767;;;
7;03:34:39:655;-0.6176026;4.030679;0.11981392;4.079480644;;;
7;03:34:39:665;-0.15936252;4.0413294;-0.50412464;4.075767566;;;
7;03:34:39:675;0.21857704;4.0509143;-0.014136314;4.056831513;;;
7;03:34:39:686;0.70524776;3.973349;-0.19372368;4.040099846;;;
7;03:34:39:697;1.4190634;3.343298;0.05836487;3.632463073;;;
7;03:34:39:708;1.2771571;2.7848706;0.3541975;3.084167746;;;
7;03:34:39:717;0.61505544;2.6356707;-0.18975067;2.713127022;;;
7;03:34:39:728;-0.17045665;2.475533;-0.18801308;2.488507175;;;
7;03:34:39:739;-0.76536894;2.32279;0.2531252;2.458701823;;;
7;03:34:39:750;-0.8612145;2.3146083;0.41743374;2.50466636;;;
7;03:34:39:761;-0.28380287;1.5659995;-0.2535057;1.611571803;;;
7;03:34:39:772;0.86733437;0.46170974;0.14028645;0.992534667;;;
7;03:34:39:783;1.2718911;-0.3170867;-0.10645771;1.315136577;;;
7;03:34:39:795;1.8600894;-1.4403411;0.007616997;2.352567439;;;
7;03:34:39:804;0.13987601;-2.6236525;0.07580757;2.628471803;;;
7;03:34:39:815;-0.19301926;-2.4647167;-0.017964363;2.472328297;;;
7;03:34:39:826;-0.19957468;-2.2527215;0.001070023;2.261544914;;;
7;03:34:39:836;-0.1796172;-2.0274494;0.018201828;2.035471593;;;
7;03:34:39:847;-0.1702746;-1.8247044;0.007762909;1.83264833;;;
7;03:34:39:857;-0.14462802;-1.650853;0.015605927;1.657249725;;;
7;03:34:39:868;-0.13016522;-1.4943868;-0.01181221;1.50009147;;;
7;03:34:39:878;-0.10457193;-1.2190725;7.75E-04;1.223549562;;;
7;03:34:39:888;-0.09411474;-1.0799268;6.98E-04;1.084020336;;;
7;03:34:39:899;-0.084703274;-0.9546959;0.00924778;0.958490715;;;
7;03:34:39:909;-0.07623295;-0.8678454;-2.97E-04;0.871187214;;;
7;03:34:39:919;-0.06860966;-0.7810609;-0.008886337;0.78411884;;;
7;03:34:39:930;-0.061748706;-0.7115739;6.21E-04;0.714248326;;;
7;03:34:39:940;-0.055573843;-0.6317974;-0.008060455;0.634288057;;;
7;03:34:39:950;-0.058635592;-0.56861764;-0.007254601;0.571678928;;;
7;03:34:39:961;-0.044152908;-0.5289941;0.019328117;0.531185286;;;
7;03:34:39:971;-0.03973762;-0.4588564;1.57E-04;0.460573894;;;
7;03:34:39:982;-0.02714473;-0.41297075;1.41E-04;0.413861928;;;
7;03:34:39:993;-0.033049382;-0.38891193;0.008746147;0.390411624;;;
7;03:34:40:003;-0.029744454;-0.34140158;-7.48E-04;0.342695678;;;
7;03:34:40:013;-0.026770018;-0.29864228;0.007946014;0.299944966;;;
7;03:34:40:024;-0.024093024;-0.26015893;0.007151604;0.261370028;;;
7;03:34:40:033;-0.02168373;-0.24276215;-0.002182961;0.2437384;;;
7;03:34:40:044;-0.019515358;-0.21848592;-0.010583878;0.219610938;;;
7;03:34:40:053;-0.017563827;-0.20525645;-9.07E-04;0.206008544;;;
7;03:34:40:064;-0.024426565;-0.17611167;-8.16E-04;0.177799444;;;
7;03:34:40:073;-0.013364784;-0.1585005;0.016503334;0.159916803;;;
7;03:34:40:084;-0.012028314;-0.15126956;0.006234169;0.151875025;;;
7;03:34:40:094;-0.009742945;-0.10529009;-0.002708435;0.105774595;;;
7;03:34:40:105;-0.008768648;-0.1033802;0.014801025;0.104801842;;;
7;03:34:40:116;-0.007891782;-0.09304218;-0.003917694;0.093458418;;;
7;03:34:40:127;-0.007102601;-0.07511883;0.005093575;0.075625591;;;
7;03:34:40:138;-0.006392337;-0.06760694;0.004584312;0.068063029;;;
7;03:34:40:147;-0.014372222;-0.06946537;-0.004493713;0.071078771;;;
7;03:34:40:158;-0.004315876;-0.062518835;-0.012663841;0.063934377;;;
7;03:34:40:167;-0.012503408;-0.06488607;0.005841255;0.066337452;;;
7;03:34:40:178;0.005985178;-0.07563572;0.005257607;0.076054103;;;
7;03:34:40:188;-0.011851586;-0.05083389;0.004732132;0.052411235;;;
7;03:34:40:198;-0.0020473;-0.037131377;0.00425911;0.037430878;;;
7;03:34:40:209;-0.001842573;-0.02479911;-0.004786491;0.02532393;;;
7;03:34:40:218;-0.001658313;-0.030938324;-0.02154541;0.037737708;;;
7;03:34:40:229;-0.001492478;-0.027844492;-0.010771751;0.029892706;;;
7;03:34:40:240;-0.001208901;-0.021692123;0.015408516;0.026635165;;;
7;03:34:40:249;-0.001088008;-0.019522911;0.005249023;0.020245495;;;
7;03:34:40:260;-9.79E-04;-0.026189744;-0.003894806;0.026495869;;;
7;03:34:40:271;-8.81E-04;-0.023570769;-0.012125015;0.026521195;;;
7;03:34:40:280;-7.93E-04;-0.021213692;-0.002293587;0.021352058;;;
7;03:34:40:291;-0.009332962;-0.010473197;-0.002064705;0.014179388;;;
7;03:34:40:302;2.19E-04;-0.026664129;0.015379906;0.03078255;;;
7;03:34:40:312;1.98E-04;-0.015378587;0.005223274;0.016242615;;;
7;03:34:40:323;1.78E-04;-0.013840728;0.013319969;0.019209866;;;
7;03:34:40:333;1.60E-04;0.013400722;-0.02248764;0.026178215;;;
7;03:34:40:343;1.44E-04;-0.013796724;-0.003001213;0.014120114;;;
7;03:34:40:354;1.30E-04;-0.012417052;0.014537811;0.019119308;;;
7;03:34:40:363;-0.008502491;-0.011175349;0.02170372;0.025850188;;;
7;03:34:40:374;-0.016271368;-0.010057814;0.002295494;0.019266197;;;
7;03:34:40:383;-0.006025098;-0.009052031;-0.00655365;0.012696117;;;
7;03:34:40:394;0.003196538;-0.00814683;-0.005898476;0.010553706;;;
7;03:34:40:405;0.002876885;0.001286976;-0.013928413;0.014280528;;;
7;03:34:40:416;0.002330273;0.001904361;0.011989594;0.012361518;;;
7;03:34:40:427;0.002097249;-0.006905198;0.002171516;0.007536292;;;
7;03:34:40:438;0.001887523;0.011023575;-0.0325222;0.034391505;;;
7;03:34:40:449;0.00169877;0.001302093;-0.0034132;0.004028797;;;
7;03:34:40:459;0.001528896;0.001171883;0.014166832;0.014297201;;;
7;03:34:40:468;-0.007243112;-0.016183559;-0.004487991;0.018289678;;;
7;03:34:40:478;0.002100326;0.011292176;-0.004039764;0.012175562;;;
7;03:34:40:488;0.001890294;0.001543831;0.004982948;0.005548549;;;
7;03:34:40:498;0.001780301;0.009642048;-0.019765854;0.022064169;;;
7;03:34:40:509;0.001780301;0.009642048;-0.019765854;0.022064169;;;
7;03:34:40:519;0.001780301;0.009642048;-0.019765854;0.022064169;;;
7;03:34:40:529;0.001780301;0.009642048;-0.019765854;0.022064169;;;
7;03:34:40:539;0.001780301;0.009642048;-0.019765854;0.022064169;;;
7;03:34:40:549;0.00160227;5.87E-05;-0.009170532;0.009309639;;;
7;03:34:40:560;0.00160227;5.87E-05;-0.009170532;0.009309639;;;
7;03:34:40:569;0.001442045;5.28E-05;-0.008254051;0.008379239;;;
7;03:34:40:579;0.001297839;-0.008571565;0.001190186;0.00875058;;;
7;03:34:40:589;0.001168057;-0.007714406;0.018309593;0.019902704;;;
7;03:34:40:599;0.001051255;-0.015562091;0.00785923;0.017465718;;;
7;03:34:40:609;9.46E-04;-0.005386755;-0.001545906;0.005683494;;;
7;03:34:40:619;8.52E-04;-0.004848078;0.007227898;0.008744795;;;
7;03:34:40:629;6.90E-04;0.01331131;-0.003626823;0.013813781;;;
7;03:34:40:639;6.21E-04;0.003361054;-0.011883736;0.012365484;;;
7;03:34:40:649;5.59E-04;-0.005594179;0.00654316;0.008626696;;;
7;03:34:40:659;5.03E-04;0.01220349;-0.00273037;0.012515307;;;
7;03:34:40:669;4.53E-04;0.019602265;-0.011076927;0.022520033;;;
7;03:34:40:679;4.07E-04;0.009022916;-0.009969711;0.013452658;;;
7;03:34:40:689;3.67E-04;-4.99E-04;-3.54E-04;7.13E-04;;;
7;03:34:40:699;3.30E-04;0.008170476;0.008300781;0.011651973;;;
7;03:34:40:710;2.97E-04;-0.001265697;0.007471085;0.007583353;;;
7;03:34:40:720;2.67E-04;0.016099125;0.006724358;0.017449075;;;
7;03:34:40:730;-0.008378632;0.014489211;-0.0111866;0.020131536;;;
7;03:34:40:740;-0.07649378;0.09923155;0.015789986;0.126283501;;;
7;03:34:40:750;0.03458511;-0.03135937;-0.011646271;0.048116275;;;
7;03:34:40:761;0.005269229;0.0493487;0.015376091;0.051956551;;;
7;03:34:40:771;0.021980561;0.035794705;0.00521946;0.042327873;;;
7;03:34:40:781;0.12321201;0.12702562;-0.003921509;0.177008719;;;
7;03:34:40:791;0.31774986;0.25222906;0.00508976;0.405722037;;;
7;03:34:40:801;0.43249995;0.2701018;-0.03851509;0.511365405;;;
7;03:34:40:812;0.802968;0.19999596;0.03428936;0.828209999;;;
7;03:34:40:822;0.8778154;0.72300124;0.16876602;1.149683685;;;
7;03:34:40:832;2.7465754;1.2023251;-0.04635048;2.998568034;;;
7;03:34:40:842;4.075075;-0.14182322;-0.024477959;4.07761564;;;
7;03:34:40:852;4.339859;-0.5327398;0.14173317;4.374731437;;;
7;03:34:40:862;4.1299706;-0.72080135;0.049987793;4.192697061;;;
7;03:34:40:873;3.3808277;-0.6918168;-0.20496559;3.456966421;;;
7;03:34:40:882;2.1463559;-0.47610998;0.03100872;2.198746354;;;
7;03:34:40:892;0.6733279;-0.31645033;-0.066903114;0.746985457;;;
7;03:34:40:902;-0.8161608;-0.069327146;-0.26707172;0.861540511;;;
7;03:34:40:912;-1.7516017;-0.16582394;0.03544712;1.759790486;;;
7;03:34:40:923;-2.8892202;0.33456308;-0.09540272;2.910090708;;;
7;03:34:40:933;-2.9192057;-0.16432604;-0.22376823;2.932377509;;;
7;03:34:40:943;-2.7738104;-0.2082273;0.45366192;2.818366904;;;
7;03:34:40:953;-2.332666;-0.006402947;0.14110279;2.336938446;;;
7;03:34:40:963;-1.6943002;-0.04885828;-0.045389175;1.695612094;;;
7;03:34:40:973;-1.2404389;-0.0612107;0.35562992;1.291862268;;;
7;03:34:40:983;-0.7543918;-0.3136634;0.25111294;0.854721858;;;
7;03:34:40:993;-0.67895263;-0.4719178;-0.3773365;0.908881674;;;
7;03:34:41:003;-0.56796175;-0.2523435;-0.020695686;0.621840909;;;
7;03:34:41:013;-0.5111656;-0.003011867;-0.18238926;0.542738584;;;
7;03:34:41:023;-0.529002;-0.02856806;0.06856537;0.534191403;;;
7;03:34:41:033;-0.9070581;-0.111902505;0.09618473;0.918982089;;;
7;03:34:41:044;-1.350738;-0.13518876;-0.20648384;1.373100443;;;
7;03:34:41:054;-2.0344813;-0.05271688;-0.14274025;2.040163642;;;
7;03:34:41:064;-2.6412308;0.07322256;0.07839203;2.643408307;;;
7;03:34:41:074;-2.74773;0.28999758;0.13950634;2.766510644;;;
7;03:34:41:084;-2.3953848;0.39890382;0.16003227;2.433639893;;;
7;03:34:41:095;-1.8024621;0.30729866;-0.10592556;1.831535484;;;
7;03:34:41:105;-1.1567831;0.2851879;0.19771671;1.207713209;;;
7;03:34:41:115;-0.30847907;0.23943087;-0.011675835;0.390669687;;;
7;03:34:41:125;0.3170886;-1.8186258;-0.320796;1.873727557;;;
7;03:34:41:135;-1.1712527;0.233587;0.15947723;1.204918602;;;
7;03:34:41:145;-0.8558874;0.667042;-0.09780598;1.089520259;;;
7;03:34:41:155;0.03989923;0.1521432;0.04988098;0.165007916;;;
7;03:34:41:165;1.0874426;-0.018215388;0.027654648;1.087946673;;;
7;03:34:41:176;1.35794;0.035320908;0.0335083;1.358812457;;;
7;03:34:41:187;1.1163076;0.043262444;-0.007333756;1.11716968;;;
7;03:34:41:197;1.0046768;0.038936198;0.0278759;1.005817361;;;
7;03:34:41:207;0.9042091;0.026423454;0.02508831;0.904942918;;;
7;03:34:41:217;0.77069247;0.032400228;0.022580147;0.771703645;;;
7;03:34:41:227;0.676385;0.08949409;-0.022772789;0.682659819;;;
7;03:34:41:237;0.6346038;0.028829921;0.013980866;0.635412151;;;
7;03:34:41:247;0.51080954;0.10351907;0.021202087;0.521624514;;;
7;03:34:41:257;0.48558596;0.075928904;-0.015394211;0.491727478;;;
7;03:34:41:267;0.48012298;0.033859506;0.020622253;0.481757011;;;
7;03:34:41:277;0.44934893;0.039092682;0.009941101;0.451155757;;;
7;03:34:41:287;0.52508175;-0.007912215;0.01756668;0.525435123;;;
7;03:34:41:297;0.60186046;-0.0415975;-0.001428604;0.603297938;;;
7;03:34:41:307;0.42962575;-0.002961248;0.007333756;0.429698528;;;
7;03:34:41:318;0.3004719;-0.002665125;0.015219688;0.300868913;;;
7;03:34:41:329;0.2359482;0.023458768;0.005078316;0.237165889;;;
7;03:34:41:339;0.20373425;0.012493767;0.01319027;0.204542705;;;
7;03:34:41:349;0.17474172;0.011244386;-0.013986588;0.175660834;;;
7;03:34:41:360;0.16588666;0.010119945;-0.029826164;0.168850216;;;
7;03:34:41:370;0.14929798;0.017727073;-9.86E-04;0.150349952;;;
7;03:34:41:380;0.13436818;0.007335238;0.007731438;0.13479017;;;
7;03:34:41:390;0.120931365;-0.002017412;0.024196625;0.12334481;;;
7;03:34:41:400;0.10883822;0.006803453;0.004538536;0.109145059;;;
7;03:34:41:411;0.0979544;-0.002496019;0.012703896;0.098806295;;;
7;03:34:41:421;0.08815896;0.006372713;0.011433601;0.08912542;;;
7;03:34:41:432;0.06278963;0.005161896;0.003227234;0.063084049;;;
7;03:34:41:443;0.06512979;0.013264831;0.002904892;0.066530319;;;
7;03:34:41:453;0.06723593;0.003319226;-0.014624596;0.068888071;;;
7;03:34:41:464;0.051893212;-0.005631823;0.004076004;0.052356821;;;
7;03:34:41:473;0.04670389;0.003550485;-0.004950523;0.047099544;;;
7;03:34:41:484;0.0420335;-0.005423691;0.004163742;0.042586012;;;
7;03:34:41:493;0.03783015;0.01235693;0.012366295;0.041674204;;;
7;03:34:41:503;0.034047134;-0.014736142;0.019749641;0.042028676;;;
7;03:34:41:514;0.03064242;-0.013262525;0.009156227;0.034622088;;;
7;03:34:41:524;0.018959053;-0.003317144;-3.79E-04;0.019250778;;;
7;03:34:41:535;0.02568227;0.014252823;-0.00895977;0.030708296;;;
7;03:34:41:545;0.02311404;-0.00441071;-0.00806427;0.024874598;;;
7;03:34:41:555;0.02080264;0.013268612;-0.015877724;0.029341233;;;
7;03:34:41:566;0.018722378;0.003322624;0.002948761;0.019242206;;;
7;03:34:41:577;0.006546006;0.002691321;-0.007092476;0.010019811;;;
7;03:34:41:588;0.014510527;0.002422191;-0.015002251;0.021011662;;;
7;03:34:41:599;0.013059475;0.010799095;-0.013502121;0.021667431;;;
7;03:34:41:609;0.011753529;0.001100063;0.005085945;0.012853887;;;
7;03:34:41:620;0.010578178;-0.00762907;0.021816254;0.025417504;;;
7;03:34:41:631;0.009520359;0.001752965;0.002396584;0.00997265;;;
7;03:34:41:641;0.008568324;0.001577668;0.01077652;0.013857799;;;
7;03:34:41:652;0.007711493;0.018658152;-0.016159058;0.025859406;;;
7;03:34:41:663;0.006940343;0.008173209;-0.014543533;0.018068869;;;
7;03:34:41:674;0.006246306;-0.01850149;0.004149437;0.019963449;;;
7;03:34:41:683;-0.002997443;5.87E-04;0.003734589;0.00482455;;;
7;03:34:41:694;0.005921423;5.28E-04;0.003360748;0.006829122;;;
7;03:34:41:705;0.004796356;-0.006467439;-0.023996353;0.025311219;;;
7;03:34:41:716;-0.004302405;0.002798431;-0.004358292;0.006733246;;;
7;03:34:41:727;0.004746959;0.002518587;0.021935463;0.022584097;;;
7;03:34:41:738;0.00427226;-0.006352399;0.011122704;0.013502581;;;
7;03:34:41:748;0.003845036;0.002901971;0.001391411;0.005014156;;;
7;03:34:41:758;0.003460534;0.002611771;-0.007367134;0.008548176;;;
7;03:34:41:768;0.003114484;0.002350591;-0.006630898;0.00769377;;;
7;03:34:41:778;0.002803035;0.002115533;0.002651215;0.004400162;;;
7;03:34:41:789;0.002522729;0.010523103;-0.006233215;0.012488108;;;
7;03:34:41:798;-0.006348662;8.52E-04;0.003008843;0.007077004;;;
7;03:34:41:809;0.002905332;7.67E-04;-0.005910873;0.006630754;;;
7;03:34:41:820;0.002614796;0.009308975;-0.005319595;0.011035953;;;
7;03:34:41:829;0.002353318;-2.41E-04;-0.022025108;0.022151786;;;
7;03:34:41:840;-0.006501138;-2.17E-04;0.006034851;0.008873065;;;
7;03:34:41:851;0.002491288;0.007581484;-0.004592896;0.009207611;;;
7;03:34:41:862;-0.006376959;-0.010414917;0.013104439;0.017912634;;;
7;03:34:41:873;0.002879858;-7.54E-04;-0.02268219;0.022876719;;;
7;03:34:41:884;0.002591871;-6.79E-04;-0.003175736;0.004154991;;;
7;03:34:41:894;-0.006286435;-6.11E-04;0.005761147;0.008548881;;;
7;03:34:41:904;0.00296133;-5.50E-04;0.013804436;0.0141292;;;
7;03:34:41:915;0.002665199;-0.009114023;0.003805161;0.010229758;;;
7;03:34:41:925;0.002398677;4.17E-04;-0.013813973;0.014026866;;;
7;03:34:41:936;-0.006460309;3.75E-04;0.004805565;0.00806037;;;
7;03:34:41:946;0.002804846;3.37E-04;-0.021532059;0.021716595;;;
7;03:34:41:956;0.08871562;-0.034172863;0.00647831;0.095290154;;;
7;03:34:41:967;-0.066681094;0.029578302;0.005830765;0.07317952;;;
7;03:34:41:976;-0.12034686;0.02662047;0.00524807;0.123367569;;;
7;03:34:41:987;-0.24621819;0.049815796;0.013342857;0.251561208;;;
7;03:34:41:996;-0.46293187;0.04483422;-0.013849258;0.465304027;;;
7;03:34:42:007;-0.59764034;-0.028602213;-0.012464523;0.598454186;;;
7;03:34:42:016;-0.9860708;-0.16364801;-0.05431366;1.001032594;;;
7;03:34:42:027;-1.5537527;-0.9143096;0.16631222;1.810461016;;;
7;03:34:42:038;-3.4497294;-1.5985999;-0.15198803;3.80516159;;;
7;03:34:42:048;-3.6563804;-0.8354011;-0.12817001;3.752791065;;;
7;03:34:42:057;-3.6182692;-0.20885599;0.23803043;3.632100222;;;
7;03:34:42:068;-3.4460628;-0.28278077;0.18836975;3.462773028;;;
7;03:34:42:078;-3.1186948;-0.24588352;-0.045945168;3.128710261;;;
7;03:34:42:088;-3.1515903;0.08037421;0.096554756;3.154093393;;;
7;03:34:42:098;-3.0346708;0.58948433;0.2420435;3.100855365;;;
7;03:34:42:108;-2.8346336;1.1424938;-0.06659222;3.056938727;;;
7;03:34:42:119;-2.2064052;1.1920078;-0.06855202;2.508745822;;;
7;03:34:42:129;-1.2272813;0.6849463;0.093447685;1.408582025;;;
7;03:34:42:140;-0.001304865;0.33202052;0.3168192;0.458926713;;;
7;03:34:42:150;1.0245016;0.06610207;-0.22339153;1.050655372;;;
7;03:34:42:160;1.7408683;-0.018080272;0.38504887;1.783034518;;;
7;03:34:42:170;2.2821689;-0.09384437;-0.07579327;2.285354684;;;
7;03:34:42:180;2.6917672;-0.31717634;-0.06821346;2.711247759;;;
7;03:34:42:191;2.879404;-0.23374394;-0.37168026;2.912687821;;;
7;03:34:42:202;2.8672757;0.022346854;-0.34313107;2.887820641;;;
7;03:34:42:211;3.321793;0.40797284;0.19109058;3.352203237;;;
7;03:34:42:222;4.632541;0.08739862;0.26165962;4.640748096;;;
7;03:34:42:232;4.703673;0.07003963;-0.17822456;4.707569139;;;
7;03:34:42:243;4.621166;0.2440373;-0.5137863;4.656040059;;;
7;03:34:42:253;4.538291;0.51268387;0.82184124;4.640511971;;;
7;03:34:42:263;3.6017904;0.56484497;-0.23430443;3.653333104;;;
7;03:34:42:275;2.7589402;0.5083605;-0.48668575;2.847287169;;;
7;03:34:42:285;2.0865664;0.431667;-0.2139206;2.141461731;;;
7;03:34:42:296;1.5072874;-0.016598612;-0.011527061;1.507422837;;;
7;03:34:42:305;1.2703674;-0.2907508;-0.2603283;1.328962085;;;
7;03:34:42:316;1.6604781;-0.40820083;0.49833012;1.781052629;;;
7;03:34:42:327;2.166722;-0.384619;-0.3530817;2.228740176;;;
7;03:34:42:336;2.6568184;-0.544397;-0.07643795;2.71309688;;;
7;03:34:42:347;2.9686177;-0.67095894;0.08634949;3.044722046;;;
7;03:34:42:357;2.9389489;-0.62110126;-0.060191154;3.004465118;;;
7;03:34:42:368;2.464052;-0.5848485;-0.02831459;2.532666881;;;
7;03:34:42:378;-2.7360177;0.24941738;0.052913666;2.74787231;;;
7;03:34:42:388;-3.4277577;0.52614504;0.08209801;3.46887468;;;
7;03:34:42:399;-3.3866515;0.5338644;0.039411545;3.428698421;;;
7;03:34:42:408;-2.1602163;0.04952167;0.044089317;2.161233644;;;
7;03:34:42:419;-1.633906;0.010092998;0.04829979;1.634650916;;;
7;03:34:42:428;-1.5308492;-0.04263106;0.008994103;1.531469135;;;
7;03:34:42:439;-1.6104807;0.02196593;0.016713142;1.610717214;;;
7;03:34:42:448;-1.5097665;0.07148409;0.040899277;1.512011123;;;
7;03:34:42:458;-1.2725985;0.04709743;0.03680992;1.274001576;;;
7;03:34:42:468;-1.0074327;-0.017946195;0.015890121;1.007717808;;;
7;03:34:42:478;-0.81187904;-0.00753245;0.0143013;0.812039905;;;
7;03:34:42:488;-0.6875956;-0.04125571;-0.004366875;0.688846007;;;
7;03:34:42:500;-0.79983765;-0.045749262;0.004688263;0.801158723;;;
7;03:34:42:511;-0.89223635;-0.015316958;0.012838364;0.892460154;;;
7;03:34:42:520;-0.8633466;-0.05688089;0.046031;0.866441904;;;
7;03:34:42:531;-0.9752518;-0.051192798;0.006951332;0.976619231;;;
7;03:34:42:541;-0.7656779;-0.04607352;-0.002363205;0.767066533;;;
7;03:34:42:552;-0.46501288;-0.006989665;0.006491661;0.465110718;;;
7;03:34:42:562;-0.4012733;-0.006290697;0.04031849;0.403342812;;;
7;03:34:42:573;-0.36114597;-0.005661629;0.01904869;0.361692297;;;
7;03:34:42:584;-0.32503137;-0.005095467;0.008524895;0.325183066;;;
7;03:34:42:593;-0.26327538;0.004491795;-0.001713753;0.263319274;;;
7;03:34:42:604;-0.23694783;0.021280866;-0.018779755;0.238641638;;;
7;03:34:42:615;-0.21325305;0.01915278;-0.008282661;0.214271546;;;
7;03:34:42:624;-0.19192773;0.0172375;-0.007454872;0.192844399;;;
7;03:34:42:635;-0.18135409;0.015513748;0.001909256;0.182026453;;;
7;03:34:42:645;-0.15459955;0.005343249;0.001718521;0.154701403;;;
7;03:34:42:655;-0.1391396;-0.003810201;-0.007072449;0.139371317;;;
7;03:34:42:666;-0.12522563;-0.02066743;0.002253532;0.126939663;;;
7;03:34:42:676;-0.11270308;-0.001362436;0.010647774;0.11321314;;;
7;03:34:42:686;-0.10143278;-0.009845316;0.018202782;0.103522363;;;
7;03:34:42:697;-0.09990862;-0.017479911;0.007763863;0.101722948;;;
7;03:34:42:708;-0.08129864;0.001506332;0.006987572;0.081612281;;;
7;03:34:42:719;-0.07316878;0.0013557;-0.019568443;0.075752439;;;
7;03:34:42:728;-0.065851904;0.001220129;-0.008993149;0.066474347;;;
7;03:34:42:739;0.06140104;-0.09371226;-0.016712189;0.113275651;;;
7;03:34:42:749;-0.030930325;-0.006768908;0.019435883;0.037151807;;;
7;03:34:42:759;-0.12264767;0.06286099;0.034729958;0.142127147;;;
7;03:34:42:771;-0.05883473;0.046607837;-0.003759384;0.075152837;;;
7;03:34:42:782;-0.05295126;0.024708802;-0.012002945;0.05965259;;;
7;03:34:42:793;-0.039037004;0.013618797;-0.002183914;0.04140204;;;
7;03:34:42:804;-0.02651418;0.003637793;-0.001965523;0.026834652;;;
7;03:34:42:814;-0.023862772;0.003274014;0.015469551;0.028626178;;;
7;03:34:42:824;-0.03871475;-0.014291637;0.013922691;0.043553694;;;
7;03:34:42:835;-0.017605029;-0.004243348;-0.00470829;0.018711255;;;
7;03:34:42:845;-0.015844531;-0.003819011;-0.012856483;0.020758689;;;
7;03:34:42:856;-0.022879198;-0.012056232;0.005667687;0.026475141;;;
7;03:34:42:865;-0.020591274;-0.002231482;0.013720512;0.024844165;;;
7;03:34:42:875;-0.00991302;-0.010627456;-0.004889488;0.015333554;;;
7;03:34:42:885;-0.017540842;0.007673541;0.004219055;0.019605224;;;
7;03:34:42:896;-0.023689121;-0.002403557;-0.002614975;0.023953908;;;
7;03:34:42:905;-0.023689121;-0.002403557;-0.002614975;0.023953908;;;
7;03:34:42:916;-0.011430964;0.01529137;0.014258385;0.023828439;;;
7;03:34:42:926;-0.001668744;0.005143108;0.004213333;0.006854811;;;
7;03:34:42:937;-0.010120988;-0.00399033;-0.013446808;0.01729664;;;
7;03:34:42:947;-4.90E-04;-0.003591295;-0.020720482;0.021035105;;;
7;03:34:42:958;-4.41E-04;-0.011851288;-0.010029793;0.015532034;;;
7;03:34:42:969;-3.97E-04;-0.027904414;0.016830444;0.03258953;;;
7;03:34:42:980;0.00826209;-0.033733096;-0.002091408;0.034793072;;;
7;03:34:42:991;-0.027040623;0.02135497;0.015356064;0.037723185;;;
7;03:34:43:000;-0.024336562;0.019219473;-0.003417969;0.03119838;;;
7;03:34:43:011;-0.004664645;0.008678401;-0.003076553;0.01032176;;;
7;03:34:43:021;0.004420944;-8.09E-04;0.005849838;0.007376932;;;
7;03:34:43:032;0.003978849;-0.009346835;0.005265236;0.011441909;;;
7;03:34:43:042;-0.005038157;2.07E-04;0.004738808;0.006919694;;;
7;03:34:43:052;-0.0217726;1.86E-04;0.01288414;0.02529984;;;
7;03:34:43:062;-3.98E-04;0.0079081;0.00181675;0.008123833;;;
7;03:34:43:072;-3.98E-04;0.0079081;0.00181675;0.008123833;;;
7;03:34:43:082;0.008297116;-0.002213564;0.00922966;0.012606689;;;
7;03:34:43:092;0.007467404;0.006626921;-3.13E-04;0.009988796;;;
7;03:34:43:102;0.006720662;-0.002654899;-0.008900642;0.011464607;;;
7;03:34:43:113;0.006048597;-0.011008531;6.08E-04;0.012575512;;;
7;03:34:43:123;-0.003175385;-0.001288552;-0.016691208;0.017039362;;;
7;03:34:43:134;0.005761281;-0.001159698;-0.015022278;0.016130905;;;
7;03:34:43:145;-0.003433973;-0.00104373;-0.013520241;0.013988512;;;
7;03:34:43:156;-0.003090575;-9.39E-04;0.005069733;0.006011343;;;
7;03:34:43:167;0.014456727;0.007773707;0.1510868;0.151975823;;;
7;03:34:43:178;0.004391931;-0.001622789;-0.036403656;0.036703524;;;
7;03:34:43:191;0.003557466;-0.016828887;-0.055343628;0.057955018;;;
7;03:34:43:199;0.003201723;0.002092253;0.01052475;0.011198166;;;
7;03:34:43:209;0.002881549;0.001883026;-0.00776577;0.008494486;;;
