 counter ; timestamp ; amplitude ; accx ; accy ; accz ; magx ; magy ; magz ; gyrx ; gyry ; gyrz ; temp ; act state
1;1521884038;2752;65164;65086;16297;65113;2292;62818;45;65450;65505;0;0
2;1521884038;2929;65148;65087;16320;65146;2306;62826;83;65454;65503;0;0
3;1521884038;2461;65165;65086;16319;65146;2306;62826;69;65442;65525;0;0
4;1521884037;1907;65172;65089;16311;65159;2299;62844;81;65451;65522;0;0
5;1521884037;1924;65180;65099;16289;65159;2299;62844;88;65437;65491;0;0
6;1521884037;2054;65186;65092;16308;65163;2285;62803;56;65444;65520;0;0
7;1521884037;2335;65191;65113;16326;65163;2285;62803;90;65450;65512;0;0
8;1521884037;3345;65156;65092;16295;65160;2306;62839;74;65439;65510;0;0
9;1521884037;2165;65173;65109;16296;65160;2306;62839;83;65447;8;0;0
10;1521884037;2261;65157;65103;16323;65160;2306;62839;79;65440;65504;0;0
11;1521884037;2053;65160;65094;16281;65151;2278;62838;69;65455;65503;0;0
12;1521884037;1903;65169;65095;16297;65151;2278;62838;91;65444;65524;0;0
13;1521884037;2119;65173;65105;16324;65176;2283;62815;78;65435;65514;0;0
14;1521884037;2468;65173;65095;16293;65176;2283;62815;71;65460;65518;0;0
15;1521884037;3501;65156;65119;16303;65158;2278;62857;78;65442;65526;0;0
16;1521884037;2187;65142;65107;16307;65158;2278;62857;109;65451;3;0;0
17;1521884037;2032;65150;65107;16292;65158;2278;62857;103;65428;65517;0;0
18;1521884037;2084;65152;65112;16306;65140;2287;62810;41;65426;65524;0;0
19;1521884037;1878;65135;65098;16322;65140;2287;62810;75;65461;65530;0;0
20;1521884037;2150;65166;65093;16274;65180;2278;62802;68;65442;65505;0;0
21;1521884037;2396;65168;65113;16302;65180;2278;62802;80;65462;65492;0;0
22;1521884037;3550;65162;65094;16310;65180;2534;62871;95;65443;65493;0;0
23;1521884037;2400;65182;65093;16301;65174;2308;62871;73;65451;65523;0;0
24;1521884037;1981;65169;65105;16359;65174;2308;62871;75;65447;65513;0;0
25;1521884037;2089;65179;65114;16303;65171;2293;62789;84;65456;2;0;0
26;1521884037;1878;65179;65106;16313;65171;2293;62789;93;65440;65517;0;0
27;1521884037;2168;65171;65103;16325;65184;2296;62790;74;65442;65501;0;0
28;1521884037;2400;65198;65095;16317;65184;2296;62790;76;65428;65496;0;0
29;1521884037;3305;65192;65097;16310;65184;2296;62790;60;65453;65511;0;0
30;1521884037;2457;65166;65110;16330;65165;2285;62804;69;65421;65526;0;0
31;1521884037;1988;65155;65096;16297;65165;2285;62804;64;65460;65521;0;0
32;1521884037;2128;65187;65093;16294;65177;2262;62817;79;65449;65530;0;0
33;1521884037;1844;65159;65108;16321;65177;2262;62817;77;65459;65503;0;0
34;1521884037;2189;65162;65105;16292;65177;2262;62817;63;65445;65522;0;0
35;1521884037;2351;65158;65100;16346;65150;2269;62776;102;65468;65535;0;0
36;1521884037;3299;65161;65101;16304;65150;2269;62776;75;65471;65525;0;0
37;1521884037;2453;65163;65104;16262;65138;2297;62800;76;65446;65511;0;0
38;1521884037;1960;65169;65116;16315;65138;2297;62800;62;65444;65510;0;0
39;1521884037;2151;65152;65104;16340;65146;2278;62828;56;65428;65514;0;0
40;1521884037;1783;65176;65110;16292;65146;2278;62828;51;65434;65516;0;0
41;1521884037;1958;65182;65120;16294;65146;2278;62828;69;65428;65513;0;0
42;1521884037;2647;65168;65092;16296;65137;2246;62802;69;65442;65518;0;0
43;1521884037;3295;65185;65095;16298;65137;2246;62802;85;65463;65515;0;0
44;1521884037;2496;65180;65112;16311;65147;2281;62803;82;65435;65507;0;0
45;1521884037;1951;65176;65102;16323;65147;2281;62803;92;65427;3;0;0
46;1521884037;2221;65183;65100;16317;65147;2281;62803;65;65452;65513;0;0
47;1521884037;2021;65185;65104;16324;65140;2264;62810;53;65458;65490;0;0
48;1521884037;1919;65182;65100;16340;65140;2264;62810;92;65461;65514;0;0
49;1521884037;2650;65162;65097;16335;65137;2264;62830;92;65424;65488;0;0
50;1521884037;3260;65161;65119;16335;65137;2264;62830;72;65445;65510;0;0
51;1521884037;2528;65148;65095;16307;65135;2258;62833;109;65452;65485;0;0
52;1521884037;1902;65142;65103;16305;65135;2258;62833;73;65438;65499;0;0
53;1521884037;1937;65150;65098;16332;65135;2258;62833;87;65435;65525;0;0
54;1521884037;2080;65148;65097;16290;65156;2266;62807;75;65418;65516;0;0
55;1521884037;1894;65164;65109;16298;65156;2266;62807;54;65434;65532;0;0
56;1521884037;2566;65159;65096;16298;65164;2263;62814;92;65439;5;0;0
57;1521884037;3214;65180;65094;16280;65164;2263;62814;52;65427;65525;0;0
58;1521884037;2542;65180;65107;16314;65164;2288;62801;59;65424;65513;0;0
59;1521884037;1908;65159;65108;16298;65160;2288;62801;83;65441;65508;0;0
60;1521884037;1946;65158;65113;16293;65160;2288;62801;94;65448;65520;0;0
61;1521884037;2089;65159;65107;16300;65154;2307;62799;57;65442;65522;0;0
62;1521884037;1840;65142;65104;16329;65154;2307;62799;58;65438;65505;0;0
63;1521884037;2533;65151;65097;16316;65163;2291;62811;78;65483;65495;0;0
64;1521884037;3155;65177;65104;16337;65163;2291;62811;62;65450;65521;0;0
65;1521884037;2476;65148;65107;16310;65163;2291;62811;89;65439;7;0;0
66;1521884037;2137;65174;65099;16321;65169;2284;62812;64;65450;65513;0;0
67;1521884037;1893;65166;65100;16299;65169;2284;62812;114;65457;65518;0;0
68;1521884037;2121;65175;65104;16299;65167;2298;62829;103;65432;65492;0;0
69;1521884037;2401;65170;65109;16334;65167;2298;62829;69;65412;65498;0;0
70;1521884037;3504;65168;65093;16359;65162;2279;62837;97;65453;65522;0;0
71;1521884037;2163;65161;65093;16312;65162;2279;62837;51;65438;65505;0;0
72;1521884037;2005;65177;65099;16311;65162;2279;62837;85;65427;8;0;0
73;1521884037;2096;65171;65104;16353;65139;2296;62820;93;65442;65513;0;0
74;1521884037;1891;65153;65102;16303;65139;2296;62820;69;65443;65517;0;0
75;1521884037;2138;65161;65096;16304;65143;2272;62866;63;65437;65519;0;0
76;1521884037;2411;65154;65086;16327;65143;2272;62866;76;65456;15;0;0
77;1521884037;3579;65156;65094;16261;65143;2272;62866;48;65443;65524;0;0
78;1521884037;2440;65183;65103;16327;65142;2309;62811;67;65452;65492;0;0
79;1521884037;1990;65165;65101;16333;65142;2309;62811;93;65442;65522;0;0
80;1521884037;2064;65147;65082;16298;65156;2276;62786;79;65415;65518;0;0
81;1521884037;1848;65162;65100;16301;65156;2276;62786;61;65447;65509;0;0
82;1521884037;2165;65160;65101;16308;65156;2276;62824;98;65450;65478;0;0
83;1521884037;2392;65166;65095;16295;65155;2271;62824;81;65458;65504;0;0
84;1521884037;3278;65172;65092;16328;65155;2271;62824;75;65430;65519;0;0
85;1521884037;2423;65162;65123;16332;65150;2289;62784;83;65437;65502;0;0
86;1521884037;1946;65168;65106;16287;65150;2289;62784;74;65435;65525;0;0
87;1521884037;2117;65162;65113;16305;65153;2295;62805;90;65421;65509;0;0
88;1521884037;1813;65183;65122;16325;65153;2295;62805;48;65427;65527;0;0
89;1521884037;1940;65159;65117;16284;65153;2295;62805;46;65444;65494;0;0
90;1521884037;2615;65156;65093;16292;65172;2259;62814;90;65426;65513;0;0
91;1521884037;3271;65157;65094;16292;65172;2259;62814;65;65472;65500;0;0
92;1521884037;2475;65155;65095;16293;65169;2255;62802;67;65448;65518;0;0
93;1521884037;1929;65134;65090;16313;65169;2255;62802;82;65447;65515;0;0
94;1521884037;2134;65139;65098;16315;65197;2250;62823;90;65441;65520;0;0
95;1521884037;1783;65161;65086;16300;65197;2250;62823;111;65455;65518;0;0
96;1521884037;1943;65169;65094;16321;65197;2250;62823;80;65467;65512;0;0
97;1521884037;2639;65180;65097;16293;65173;2274;62801;98;65425;65526;0;0
98;1521884037;3288;65179;65103;16296;65173;2274;62801;81;65458;65498;0;0
99;1521884037;2461;65156;65090;16277;65154;2287;62827;96;65467;65520;0;0
100;1521884037;1913;65155;65090;16288;65154;2287;62827;105;65441;65514;0;0
101;1521884037;2224;65168;65111;16253;65154;2287;62827;81;65453;65535;0;0
102;1521884037;2059;65164;65106;16299;65180;2311;62825;84;65465;65293;0;0
103;1521884037;1903;65159;65107;16283;65180;2311;62825;100;65447;65521;0;0
104;1521884037;2644;65180;65104;16304;65177;2302;62857;90;65450;65522;0;0
105;1521884037;3236;65164;65108;16330;65177;2302;62857;72;65445;65516;0;0
106;1521884037;2511;65160;65097;16292;65163;2281;62808;105;65439;65517;0;0
107;1521884037;1886;65159;65109;16298;65163;2281;62808;66;65437;65516;0;0
108;1521884037;1940;65147;65108;16330;65163;2281;62808;80;65468;65507;0;0
109;1521884037;2093;65142;65103;16297;65179;2300;62804;89;65455;65517;0;0
110;1521884037;1563;65176;65096;16291;65179;2300;62804;89;65427;65513;0;0
111;1521884037;1949;65157;65096;16346;65147;2268;62818;75;65464;65517;0;0
112;1521884037;1629;65160;65100;16360;65147;2268;62818;76;65426;65516;0;0
113;1521884037;2109;65170;65096;16381;65169;2292;62783;74;65453;65497;0;0
114;1521884037;1877;65149;65092;16337;65169;2292;62783;58;65438;65519;0;0
115;1521884037;2203;65177;65106;16341;65143;2303;62821;82;65446;65516;0;0
116;1521884037;1861;65154;65101;16369;65143;2303;62821;71;65425;65502;0;0
117;1521884037;1964;65154;65101;16365;65143;2303;62821;58;65445;65525;0;0
118;1521884037;2586;65164;65109;16357;65184;2303;62832;71;65466;65501;0;0
119;1521884037;2992;65162;65103;16357;65184;2303;62832;77;65439;65521;0;0
120;1521884037;2477;65149;65103;16331;65162;2320;62816;83;65449;65518;0;0
121;1521884037;1918;65150;65098;16357;65162;2320;62816;40;65440;65505;0;0
122;1521884037;1937;65143;65102;16384;65162;2321;62814;53;65453;65504;0;0
123;1521884037;1871;65148;65100;16319;65181;2321;62814;55;65414;65526;0;0
124;1521884037;1626;65155;65101;16365;65181;2321;62814;39;65431;65520;0;0
125;1521884037;2604;65152;65094;16357;65161;2302;62825;20;65432;65496;0;0
126;1521884037;3268;65158;65090;16357;65161;2302;62825;32;65423;65496;0;0
127;1521884037;2528;65154;65090;16349;65167;2282;62809;41;65440;65514;0;0
128;1521884037;1954;65171;65102;16352;65167;2282;62809;40;65429;65525;0;0
129;1521884037;1753;65159;65086;16353;65167;2282;62809;59;65439;65527;0;0
130;1521884037;2058;65175;65102;16341;65166;2305;62812;63;65445;65516;0;0
131;1521884037;2379;65194;65100;16297;65166;2305;62812;55;65411;65511;0;0
132;1521884037;3430;65181;65115;16318;65187;2322;62831;50;65437;65520;0;0
133;1521884037;2204;65152;65097;16332;65187;2322;62831;22;65452;65523;0;0
134;1521884037;2207;65154;65093;16334;65173;2312;62810;34;65444;8;0;0
135;1521884037;1792;65181;65095;16350;65173;2312;62810;26;65428;65515;0;0
136;1521884037;1914;65156;65094;16338;65173;2312;62810;58;65455;65519;0;0
137;1521884037;2027;65175;65094;16311;65191;2299;62813;34;65462;65489;0;0
138;1521884037;1290;65161;65108;16297;65191;2299;62813;85;65464;65501;0;0
139;1521884037;2533;65167;65106;16325;65174;2297;62773;52;65439;65527;0;0
140;1521884037;3157;65177;65087;16281;65174;2297;62773;39;65447;65512;0;0
141;1521884037;2555;65179;65101;16289;65174;2297;62773;66;65443;65494;0;0
142;1521884037;1914;65170;65111;16333;65192;2303;62787;47;65454;65527;0;0
143;1521884037;1943;65152;65102;16286;65192;2303;62787;52;65411;65516;0;0
144;1521884037;1807;65171;65105;16286;65135;2282;62785;43;65431;2;0;0
145;1521884037;2375;65187;65089;16303;65135;2282;62785;56;65436;65519;0;0
146;1521884037;3492;65178;65104;16293;65158;2271;62827;45;65445;65527;0;0
147;1521884037;2270;65175;65118;16313;65158;2271;62827;57;65452;65509;0;0
148;1521884037;2016;65169;65112;16356;65158;2271;62827;69;65436;65503;0;0
149;1521884037;2330;65154;65108;16309;65169;2288;62846;38;65425;65520;0;0
150;1521884037;1894;65176;65112;16326;65169;2288;62846;34;65448;65520;0;0
151;1521884037;2143;65149;65128;16378;65123;2267;62869;53;65443;65516;0;0
152;1521884037;2455;65150;65120;16358;65123;2267;62869;47;65457;65504;0;0
153;1521884037;3517;65140;65125;16324;65123;2267;62852;22;65452;65511;0;0
154;1521884037;2478;65150;65112;16335;65159;2276;62852;46;65466;65494;0;0
155;1521884037;1985;65169;65109;16293;65159;2276;62852;0;65420;65511;0;0
156;1521884037;2116;65139;65121;16299;65160;2299;62826;34;65424;65505;0;0
157;1521884037;1937;65149;65112;16381;65160;2299;62826;48;65453;65509;0;0
158;1521884037;2171;65154;65125;16357;65174;2304;62796;49;65424;65528;0;0
159;1521884037;2460;65154;65105;16429;65174;2304;62796;43;65433;65521;0;0
160;1521884037;3305;65135;65091;16393;65174;2304;62796;41;65424;65519;0;0
161;1521884037;2449;65150;65125;16306;65156;2295;62797;20;65456;65510;0;0
162;1521884037;2074;65139;65085;16433;65156;2295;62797;33;65444;65501;0;0
163;1521884037;2130;65143;65075;16588;65151;2309;62829;25;65436;65495;0;0
164;1521884037;1866;65134;65059;16548;65151;2309;62829;21;65444;0;0;0
165;1521884037;2164;65137;65069;16442;65151;2309;62829;65525;65421;65506;0;0
166;1521884037;2267;65144;65069;16257;65178;2238;62810;65525;65449;65510;0;0
167;1521884037;3248;65147;65041;16152;65178;2238;62810;65516;65452;65499;0;0
168;1521884037;2423;65138;65056;16295;65155;2284;62801;6;65448;65525;0;0
169;1521884037;1946;65125;65120;16056;65155;2284;62801;65535;65416;65506;0;0
170;1521884037;2160;65175;65145;15890;65183;2280;62780;53;65477;65521;0;0
171;1521884037;1767;65196;65191;16036;65183;2280;62780;38;65454;65497;0;0
172;1521884037;2547;65170;65173;16136;65183;2280;62780;52;65448;65516;0;0
173;1521884037;3323;65222;65190;15961;65172;2295;62807;63;65486;65518;0;0
174;1521884037;2234;65261;65227;15856;65172;2295;62807;84;65468;65527;0;0
175;1521884037;2154;65260;65270;16017;65146;2266;62789;89;65416;65512;0;0
176;1521884037;1824;65217;65317;16358;65146;2266;62789;75;65429;65522;0;0
177;1521884037;2257;65179;65226;16438;65146;2266;62789;68;65452;65512;0;0
178;1521884037;2064;65181;65125;16355;65169;2269;62767;57;65458;65523;0;0
179;1521884037;2391;65202;65157;16390;65169;2269;62767;96;65441;65514;0;0
180;1521884037;3363;65159;65131;16487;65157;2283;62803;103;65413;65497;0;0
181;1521884037;2223;65136;65065;16438;65157;2283;62803;97;65439;65519;0;0
182;1521884037;2281;65109;65055;16356;65155;2290;62799;65;65459;65515;0;0
183;1521884037;1818;65120;65058;16288;65155;2290;62799;59;65440;65505;0;0
184;1521884037;1943;65158;65042;16208;65155;2290;62799;57;65437;65480;0;0
185;1521884037;2077;65154;65039;16254;65160;2302;62834;70;65441;65520;0;0
186;1521884037;2352;65158;65072;16343;65160;2302;62834;67;65413;65502;0;0
187;1521884037;3446;65166;65122;16376;65162;2290;62798;53;65443;4;0;0
188;1521884037;2217;65161;65117;16388;65162;2290;62798;70;65440;65494;0;0
189;1521884037;2318;65202;65164;16356;65162;2290;62811;55;65421;65524;0;0
190;1521884037;2018;65174;65181;16315;65150;2295;62811;40;65436;65514;0;0
191;1521884037;1897;65150;65196;16382;65150;2295;62811;78;65437;65530;0;0
192;1521884037;2109;65131;65208;16328;65150;2302;62844;55;65458;65516;0;0
193;1521884037;2369;65162;65182;16282;65150;2302;62844;44;65443;65510;0;0
194;1521884037;3513;65151;65157;16219;65161;2266;62810;75;65436;65511;0;0
195;1521884038;2209;65137;65141;16260;65161;2266;62810;66;65424;65498;0;0
196;1521884038;2015;65131;65134;16326;65161;2266;62810;65;65423;65495;0;0
197;1521884038;2071;65154;65106;16325;65155;2265;62812;60;65441;65513;0;0
198;1521884038;1885;65185;65087;16255;65155;2265;62812;55;65425;65523;0;0
199;1521884038;2108;65188;65104;16256;65137;2277;62789;44;65459;65498;0;0
200;1521884038;2409;65162;65085;16344;65137;2277;62789;64;65415;65509;0;0
201;1521884038;3511;65166;65102;16374;65151;2277;62786;49;65405;65530;0;0
202;1521884038;2122;65155;65127;16415;65151;2277;62786;38;65434;65525;0;0
203;1521884038;1996;65153;65147;16389;65151;2277;62786;67;65449;65527;0;0
204;1521884038;2053;65127;65088;16485;65125;2284;62808;48;65444;65497;0;0
205;1521884038;1852;65128;65120;16413;65125;2284;62808;46;65457;65515;0;0
206;1521884038;2138;65132;65156;16380;65117;2294;62807;59;65431;65501;0;0
207;1521884038;2385;65162;65129;16307;65117;2294;62807;29;65447;65495;0;0
208;1521884038;3586;65146;65134;16292;65117;2294;62807;68;65437;65492;0;0
209;1521884038;2426;65161;65107;16225;65171;2274;62814;50;65451;65506;0;0
210;1521884038;2002;65165;65124;16134;65171;2274;62814;50;65416;65529;0;0
211;1521884038;2090;65188;65106;16157;65155;2283;62858;57;65434;65518;0;0
212;1521884038;1836;65178;65092;16166;65155;2283;62858;67;65442;65519;0;0
213;1521884038;2648;65175;65107;16269;65149;2265;62839;65;65447;65513;0;0
214;1521884038;3106;65149;65143;16282;65149;2265;62839;77;65440;65506;0;0
215;1521884038;2269;65155;65156;16299;65149;2265;62839;28;65459;2;0;0
216;1521884038;2163;65185;65167;16338;65163;2277;62829;82;65471;35;0;0
217;1521884038;1863;65168;65207;16368;65163;2277;62829;74;65462;8;0;0
218;1521884038;2114;65165;65184;16420;65153;2274;62826;70;65435;65510;0;0
219;1521884038;1790;65163;65142;16345;65153;2274;62826;63;65467;65513;0;0
220;1521884038;2629;65169;65077;16325;65153;2274;62826;64;65451;65512;0;0
221;1521884038;3344;65146;65113;16319;65164;2265;62847;83;65466;65530;0;0
222;1521884038;2260;65153;65114;16356;65164;2265;62847;61;65451;65531;0;0
223;1521884038;2145;65145;65101;16283;65159;2293;62833;46;65440;65507;0;0
224;1521884038;1856;65164;65082;16272;65159;2293;62833;45;65430;65509;0;0
225;1521884038;2149;65167;65093;16300;65159;2302;62808;53;65457;65515;0;0
226;1521884038;1811;65150;65109;16288;65142;2302;62808;82;65448;65524;0;0
227;1521884038;2302;65180;65118;16294;65142;2302;62808;60;65462;65514;0;0
228;1521884038;3336;65157;65149;16354;65147;2316;62830;49;65452;65519;0;0
229;1521884038;2228;65170;65156;16326;65147;2316;62830;66;65457;17;0;0
230;1521884038;2170;65175;65184;16309;65139;2283;62785;63;65449;65498;0;0
231;1521884038;1815;65183;65190;16307;65139;2283;62785;73;65464;65490;0;0
232;1521884038;2050;65168;65187;16289;65139;2283;62785;75;65469;65530;0;0
233;1521884038;2027;65161;65189;16231;65142;2260;62839;53;65435;65517;0;0
234;1521884038;2357;65169;65168;16263;65142;2260;62839;67;65429;65461;0;0
235;1521884038;3382;65162;65147;16254;65142;2296;62851;100;65420;65505;0;0
236;1521884038;2222;65159;65160;16278;65142;2296;62851;58;65444;65507;0;0
237;1521884038;2218;65155;65163;16301;65126;2320;62853;76;65422;65534;0;0
238;1521884038;1774;65157;65121;16261;65126;2320;62853;85;65452;65524;0;0
239;1521884038;1914;65156;65129;16294;65126;2320;62853;69;65457;65528;0;0
240;1521884038;2066;65160;65143;16319;65130;2335;62844;99;65453;65517;0;0
241;1521884038;2391;65174;65122;16349;65130;2335;62844;66;65436;65508;0;0
242;1521884038;3425;65168;65116;16330;65154;2292;62826;74;65456;65517;0;0
243;1521884038;2192;65158;65128;16298;65154;2292;62826;84;65435;65503;0;0
244;1521884038;2276;65172;65139;16298;65154;2292;62826;80;65429;65518;0;0
245;1521884038;2045;65177;65149;16351;65150;2322;62833;72;65422;65500;0;0
246;1521884038;1876;65155;65149;16314;65150;2322;62833;74;65465;65514;0;0
247;1521884038;2093;65148;65145;16322;65157;2271;62835;79;65442;65510;0;0
248;1521884038;2412;65147;65138;16359;65157;2271;62835;56;65465;65502;0;0
249;1521884038;3495;65142;65141;16334;65148;2300;62829;79;65454;2;0;0
250;1521884038;2140;65176;65129;16274;65148;2300;62829;57;65449;65500;0;0
251;1521884038;1997;65174;65128;16313;65148;2300;62829;69;65439;65519;0;0
252;1521884038;2048;65150;65127;16308;65163;2265;62799;43;65435;65493;0;0
253;1521884038;1866;65151;65135;16282;65163;2265;62799;82;65442;65506;0;0
254;1521884038;2123;65180;65124;16322;65162;2262;62789;92;65451;65500;0;0
255;1521884038;2346;65184;65126;16349;65162;2262;62789;65;65456;65529;0;0
256;1521884038;3199;65147;65118;16348;65181;2288;62804;83;65457;65520;0;0
257;1521884038;2080;65158;65126;16361;65181;2288;62804;72;65438;65508;0;0
258;1521884038;1972;65160;65127;16327;65181;2288;62804;58;65444;25;0;0
259;1521884038;2079;65163;65144;16359;65160;2285;62765;73;65457;65512;0;0
260;1521884038;1887;65170;65136;16320;65160;2285;62765;67;65427;65500;0;0
261;1521884038;2647;65146;65144;16309;65183;2291;62753;30;65431;65489;0;0
262;1521884038;3220;65143;65135;16372;65183;2291;62753;71;65440;0;0;0
263;1521884038;2567;65137;65143;16293;65183;2291;62762;93;65443;65516;0;0
264;1521884038;2123;65160;65136;16353;65175;2282;62762;16;65425;65491;0;0
265;1521884038;1911;65164;65128;16388;65175;2282;62762;33;65443;65530;0;0
266;1521884038;2095;65145;65120;16309;65176;2310;62804;57;65449;65516;0;0
267;1521884038;1870;65157;65130;16290;65176;2310;62804;48;65435;65496;0;0
268;1521884038;2624;65169;65116;16268;65179;2276;62813;52;65449;65507;0;0
269;1521884038;3151;65174;65128;16253;65179;2276;62813;81;65457;65517;0;0
270;1521884038;2298;65177;65155;16312;65179;2276;62813;90;65471;65522;0;0
271;1521884038;2156;65161;65158;16305;65132;2293;62793;63;65452;65505;0;0
272;1521884038;1927;65164;65177;16299;65132;2293;62793;66;65431;65499;0;0
273;1521884038;2086;65181;65176;16356;65172;2314;62798;51;65442;65479;0;0
274;1521884038;1848;65170;65179;16321;65172;2314;62798;29;65409;65504;0;0
275;1521884038;2602;65191;65154;16351;65187;2286;62791;62;65415;65488;0;0
276;1521884038;3066;65192;65160;16344;65187;2286;62791;81;65465;65525;0;0
277;1521884038;2276;65166;65156;16281;65187;2286;62791;51;65432;65507;0;0
278;1521884038;2144;65187;65138;16237;65191;2288;62788;59;65436;65507;0;0
279;1521884038;1861;65189;65156;16231;65191;2288;62788;74;65432;65492;0;0
280;1521884038;2149;65186;65119;16239;65196;2272;62802;74;65434;65514;0;0
281;1521884038;1799;65182;65140;16229;65196;2272;62802;76;65427;65523;0;0
282;1521884038;2603;65171;65135;16297;65196;2272;62802;108;65439;65479;0;0
283;1521884038;3328;65178;65141;16307;65202;2320;62763;81;65445;2;0;0
284;1521884038;2281;65181;65165;16349;65202;2320;62763;84;65439;65523;0;0
285;1521884038;2182;65166;65147;16386;65207;2273;62749;80;65428;65500;0;0
286;1521884038;1877;65141;65141;16316;65207;2273;62749;63;65436;65528;0;0
287;1521884038;2229;65153;65137;16267;65207;2273;62749;79;65436;65516;0;0
288;1521884038;2023;65139;65170;16195;65186;2321;62820;58;65450;65478;0;0
289;1521884038;2396;65135;65171;15963;65186;2321;62820;55;65477;65524;0;0
290;1521884038;3407;65154;65175;15961;65168;2269;62766;115;65465;65530;0;0
291;1521884038;2250;65174;65167;16243;65168;2269;62766;88;65447;65518;0;0
292;1521884038;2219;65200;65166;16421;65168;2273;62794;118;65434;65491;0;0
293;1521884038;1806;65195;65178;16685;65168;2273;62794;55;65420;65516;0;0
294;1521884038;1940;65158;65139;16836;65168;2273;62794;50;65419;65486;0;0
295;1521884038;2051;65114;65096;16729;65184;2278;62807;34;65432;65527;0;0
296;1521884038;2367;65094;65077;16401;65184;2278;62807;54;65440;65495;0;0
297;1521884038;1839;65100;65081;16234;65182;2264;62835;64;65432;65535;0;0
298;1521884038;2282;65122;65068;16192;65182;2264;62835;65;65452;65528;0;0
299;1521884038;2282;65140;65094;16301;65182;2280;62797;59;65426;65511;0;0
300;1521884038;1975;65141;65076;16413;65154;2280;62797;57;65425;65524;0;0
301;1521884038;1899;65178;65116;16388;65154;2280;62797;54;65439;65535;0;0
302;1521884038;2641;65205;65116;16386;65146;2266;62811;76;65441;65511;0;0
303;1521884038;3256;65178;65105;16323;65146;2266;62811;38;65456;65495;0;0
304;1521884038;2490;65178;65129;16170;65169;2271;62798;17;65482;6;0;0
305;1521884038;1918;65184;65154;16101;65169;2271;62798;31;65454;65503;0;0
306;1521884038;1947;65155;65185;16037;65169;2271;62798;58;65448;65522;0;0
307;1521884038;2050;65175;65206;16042;65196;2282;62815;52;65466;65483;0;0
308;1521884038;1901;65178;65241;16181;65196;2282;62815;71;65467;29;0;0
309;1521884038;2660;65176;65232;16332;65153;2260;62810;62;65442;65514;0;0
310;1521884038;3216;65168;65184;16422;65153;2260;62810;64;65450;251;0;0
311;1521884038;2511;65190;65131;16479;65172;2277;62820;60;65439;65518;0;0
312;1521884038;1878;65184;65145;16446;65172;2277;62820;71;65438;10;0;0
313;1521884038;1984;65177;65153;16357;65172;2277;62820;60;65439;65513;0;0
314;1521884038;2051;65152;65115;16206;65159;2288;62819;73;65470;65520;0;0
315;1521884038;1877;65164;65113;16127;65159;2288;62819;66;65451;65516;0;0
316;1521884038;2626;65135;65103;16093;65165;2280;62811;101;65445;65506;0;0
317;1521884038;3205;65146;65090;16118;65165;2280;62811;89;65480;65507;0;0
318;1521884038;2608;65155;65116;16203;65165;2280;62811;58;65442;65501;0;0
319;1521884038;2134;65172;65165;16381;65183;2276;62805;101;65420;65506;0;0
320;1521884038;1885;65153;65150;16538;65183;2276;62805;90;65455;65506;0;0
321;1521884038;2101;65148;65168;16548;65189;2262;62816;82;65425;65509;0;0
322;1521884038;1862;65172;65170;16415;65189;2262;62816;67;65486;65524;0;0
323;1521884038;2652;65158;65167;16293;65157;2283;62798;67;65455;65496;0;0
324;1521884038;3104;65156;65165;16170;65157;2283;62798;83;65442;0;0;0
325;1521884038;2284;65142;65176;16166;65157;2283;62798;69;65441;65528;0;0
326;1521884038;2163;65144;65161;16168;65150;2267;62807;40;65439;65486;0;0
327;1521884038;1901;65171;65150;16145;65150;2267;62807;86;65456;65475;0;0
328;1521884038;2125;65215;65133;16243;65176;2301;62829;75;65451;65490;0;0
329;1521884038;1818;65174;65146;16365;65176;2301;62829;63;65430;65512;0;0
330;1521884038;2623;65168;65155;16422;65176;2301;62829;86;65444;65488;0;0
331;1521884038;3355;65143;65157;16367;65179;2303;62790;83;65442;65495;0;0
332;1521884038;2272;65122;65135;16266;65179;2303;62790;59;65456;65523;0;0
333;1521884038;2113;65125;65108;16237;65137;2256;62825;106;65410;65498;0;0
334;1521884038;1849;65145;65145;16332;65137;2256;62825;80;65408;65482;0;0
335;1521884038;2156;65130;65140;16388;65137;2285;62801;80;65442;65504;0;0
336;1521884038;1838;65175;65146;16359;65164;2285;62801;79;65438;1;0;0
337;1521884038;2352;65208;65141;16345;65164;2285;62801;75;65421;65505;0;0
338;1521884038;3359;65201;65153;16356;65190;2274;62805;71;65436;65491;0;0
339;1521884038;2223;65160;65153;16368;65190;2274;62805;53;65419;65518;0;0
340;1521884038;2218;65152;65133;16259;65135;2247;62804;73;65435;65484;0;0
341;1521884038;1864;65157;65137;16170;65135;2247;62804;59;65452;65518;0;0
342;1521884038;2060;65168;65145;16141;65135;2247;62804;68;65442;65487;0;0
343;1521884038;2075;65177;65155;16222;65146;2266;62763;85;65465;65502;0;0
344;1521884038;2388;65203;65164;16302;65146;2266;62763;92;65457;65496;0;0
345;1521884038;3396;65194;65163;16391;65173;2266;62813;114;65450;65506;0;0
346;1521884038;2205;65151;65162;16387;65173;2266;62813;96;65425;65496;0;0
347;1521884038;2239;65171;65154;16354;65176;2255;62839;73;65451;65519;0;0
348;1521884038;1800;65170;65155;16363;65176;2255;62839;80;65439;65513;0;0
349;1521884038;1908;65126;65142;16361;65176;2255;62839;58;65435;65506;0;0
350;1521884038;2649;65144;65122;16331;65163;2283;62779;71;65440;65496;0;0
351;1521884038;3257;65146;65144;16292;65163;2283;62779;84;65439;65499;0;0
352;1521884038;2500;65169;65132;16242;65148;2281;62816;72;65451;65505;0;0
353;1521884038;1945;65179;65152;16239;65148;2281;62816;49;65451;65498;0;0
354;1521884038;2213;65181;65149;16285;65148;2281;62816;76;65431;65510;0;0
355;1521884038;2044;65172;65153;16298;65161;2245;62811;75;65460;65520;0;0
356;1521884038;1920;65174;65162;16280;65161;2245;62811;96;65467;65504;0;0
357;1521884038;2645;65168;65162;16281;65173;2229;62840;120;65447;65509;0;0
358;1521884038;3244;65150;65152;16293;65173;2229;62840;97;65464;65492;0;0
359;1521884038;2514;65165;65182;16305;65145;2256;62814;61;65442;65480;0;0
360;1521884038;1885;65162;65171;16328;65145;2256;62814;63;65460;65519;0;0
361;1521884038;1944;65148;65176;16321;65145;2256;62814;73;65474;65503;0;0
362;1521884038;2056;65151;65163;16294;65133;2253;62809;110;65458;65513;0;0
363;1521884038;1885;65140;65159;16309;65133;2253;62809;77;65439;65515;0;0
364;1521884038;2633;65163;65160;16249;65153;2258;62807;69;65428;65513;0;0
365;1521884038;3203;65159;65151;16249;65153;2258;62807;79;65441;65518;0;0
366;1521884038;2572;65141;65137;16242;65153;2258;62799;111;65420;65507;0;0
367;1521884038;2141;65156;65134;16228;65144;2261;62799;102;65416;65512;0;0
368;1521884038;1937;65174;65158;16297;65144;2261;62799;87;65447;65512;0;0
369;1521884038;2104;65164;65162;16303;65173;2249;62796;70;65442;65528;0;0
370;1521884038;1860;65177;65157;16333;65173;2249;62796;83;65432;65508;0;0
371;1521884038;2643;65186;65158;16392;65166;2251;62821;95;65438;65483;0;0
372;1521884038;3141;65187;65146;16455;65166;2251;62821;76;65434;65526;0;0
373;1521884038;2301;65171;65151;16417;65166;2251;62821;72;65408;65497;0;0
374;1521884038;2107;65163;65158;16418;65183;2262;62787;54;65444;65501;0;0
375;1521884038;1891;65118;65142;16386;65183;2262;62787;92;65439;65497;0;0
376;1521884038;2129;65147;65124;16286;65176;2276;62772;95;65459;65535;0;0
377;1521884038;1825;65165;65133;16280;65176;2276;62772;83;65431;65526;0;0
378;1521884038;2675;65165;65109;16256;65160;2265;62765;49;65444;65483;0;0
379;1521884038;3139;65180;65130;16271;65160;2265;62765;85;65445;65511;0;0
380;1521884038;2286;65185;65140;16303;65160;2265;62765;69;65457;65501;0;0
381;1521884038;2147;65186;65139;16300;65150;2279;62797;49;65427;65513;0;0
382;1521884038;1876;65187;65135;16287;65150;2279;62797;52;65445;65492;0;0
383;1521884038;2174;65184;65166;16309;65133;2278;62799;55;65456;65524;0;0
384;1521884038;1796;65150;65157;16274;65133;2278;62799;71;65456;65515;0;0
385;1521884038;2558;65148;65161;16321;65133;2278;62799;89;65471;65496;0;0
386;1521884038;3374;65161;65155;16344;65143;2272;62781;81;65447;65523;0;0
387;1521884038;2251;65159;65161;16357;65143;2272;62781;62;65424;65520;0;0
388;1521884038;2185;65159;65153;16368;65149;2259;62778;85;65442;65510;0;0
389;1521884039;1846;65145;65166;16383;65149;2259;62778;96;65436;65494;0;0
390;1521884039;2178;65140;65144;16351;65149;2259;62778;57;65448;65507;0;0
391;1521884039;2282;65158;65133;16302;65173;2251;62785;91;65463;65510;0;0
392;1521884039;3272;65151;65131;16248;65173;2251;62785;100;65450;65513;0;0
393;1521884039;2454;65155;65119;16208;65174;2265;62801;95;65449;1;0;0
394;1521884039;1965;65175;65133;16265;65174;2265;62801;55;65456;65508;0;0
395;1521884039;2161;65144;65148;16325;65148;2277;62777;86;65459;65523;0;0
396;1521884039;1798;65155;65153;16317;65148;2277;62777;78;65473;65512;0;0
397;1521884039;1927;65180;65175;16368;65148;2277;62777;82;65438;65495;0;0
398;1521884039;2636;65161;65158;16361;65176;2248;62821;65;65454;65495;0;0
399;1521884039;3273;65153;65168;16322;65176;2248;62821;91;65450;65509;0;0
400;1521884039;2454;65128;65180;16331;65143;2258;62790;102;65449;65486;0;0
401;1521884039;1943;65126;65150;16298;65143;2258;62790;85;65454;65526;0;0
402;1521884039;2211;65153;65157;16265;65143;2258;62786;65;65472;65510;0;0
403;1521884039;2027;65161;65152;16298;65154;2241;62786;93;65455;65518;0;0
404;1521884039;1906;65147;65149;16296;65154;2241;62786;47;65422;65501;0;0
405;1521884039;2635;65168;65130;16356;65158;2226;62791;106;65421;65509;0;0
406;1521884039;3272;65170;65150;16345;65158;2226;62791;85;65432;65509;0;0
407;1521884039;2525;65183;65129;16305;65170;2248;62791;76;65418;65500;0;0
408;1521884039;1908;65182;65130;16336;65170;2248;62791;90;65457;65497;0;0
409;1521884039;1954;65173;65140;16357;65170;2248;62791;80;65453;65524;0;0
410;1521884039;2077;65178;65135;16308;65145;2248;62805;89;65473;65522;0;0
411;1521884039;1902;65165;65156;16293;65145;2248;62805;81;65432;65502;0;0
412;1521884039;2635;65149;65134;16319;65159;2258;62810;62;65439;65516;0;0
413;1521884039;3212;65172;65119;16293;65159;2258;62810;74;65434;65519;0;0
414;1521884039;2525;65161;65129;16311;65135;2269;62827;75;65444;65518;0;0
415;1521884039;1856;65155;65140;16357;65135;2269;62827;77;65450;65484;0;0
416;1521884039;1918;65168;65150;16266;65135;2269;62827;73;65434;65491;0;0
417;1521884039;2073;65200;65161;16258;65141;2277;62827;70;65428;65510;0;0
418;1521884039;1879;65175;65154;16285;65141;2277;62827;60;65452;65493;0;0
419;1521884039;2633;65178;65145;16262;65174;2290;62815;98;65435;65515;0;0
420;1521884039;3172;65183;65140;16283;65174;2290;62815;111;65451;65502;0;0
421;1521884039;2562;65164;65160;16308;65174;2290;62815;100;65433;65522;0;0
422;1521884039;2149;65182;65161;16323;65161;2251;62839;68;65432;65510;0;0
423;1521884039;1906;65160;65158;16384;65161;2251;62839;75;65438;65505;0;0
424;1521884039;2114;65155;65158;16391;65160;2263;62820;69;65453;65513;0;0
425;1521884039;2396;65122;65165;16385;65160;2263;62820;74;65443;65478;0;0
426;1521884039;3501;65121;65150;16381;65157;2253;62835;65;65422;65508;0;0
427;1521884039;2146;65127;65130;16288;65157;2253;62835;70;65450;65521;0;0
428;1521884039;2002;65151;65146;16260;65157;2253;62835;75;65430;65507;0;0
429;1521884039;2088;65137;65128;16321;65128;2272;62798;64;65443;65513;0;0
430;1521884039;1890;65152;65131;16339;65128;2272;62798;97;65434;65531;0;0
431;1521884039;2133;65177;65136;16325;65143;2274;62809;55;65430;65504;0;0
432;1521884039;2385;65177;65150;16324;65143;2274;62809;56;65478;65492;0;0
433;1521884039;3548;65173;65143;16279;65143;2274;62809;95;65451;65518;0;0
434;1521884039;2451;65176;65162;16296;65147;2279;62794;71;65441;65528;0;0
435;1521884039;2006;65167;65150;16288;65147;2279;62794;97;65437;65509;0;0
436;1521884039;2103;65159;65158;16231;65139;2278;62797;82;65444;65515;0;0
437;1521884039;1860;65162;65158;16254;65139;2278;62797;51;65449;65510;0;0
438;1521884039;2193;65153;65160;16308;65139;2252;62825;96;65426;65475;0;0
439;1521884039;2329;65164;65153;16346;65162;2252;62825;71;65442;65516;0;0
440;1521884039;3275;65165;65130;16388;65162;2252;62825;92;65432;65529;0;0
441;1521884039;2426;65150;65127;16384;65151;2284;62809;66;65447;65506;0;0
442;1521884039;1977;65156;65140;16347;65151;2284;62809;68;65443;65474;0;0
443;1521884039;2130;65174;65140;16294;65169;2255;62820;63;65417;65503;0;0
444;1521884039;1811;65168;65130;16288;65169;2255;62820;72;65440;65516;0;0
445;1521884039;1945;65174;65128;16245;65169;2255;62820;94;65432;65524;0;0
446;1521884039;2447;65173;65135;16268;65149;2275;62806;80;65444;65494;0;0
447;1521884039;3282;65172;65149;16296;65149;2275;62806;78;65445;65512;0;0
448;1521884039;2461;65193;65144;16293;65179;2264;62787;73;65442;65510;0;0
449;1521884039;1959;65168;65154;16369;65179;2264;62787;91;65455;65501;0;0
450;1521884039;2187;65179;65150;16369;65174;2276;62827;57;65416;65491;0;0
451;1521884039;1776;65164;65142;16315;65174;2276;62827;54;65448;65522;0;0
452;1521884039;1918;65175;65163;16311;65174;2276;62827;96;65426;65509;0;0
453;1521884039;2651;65180;65129;16283;65173;2297;62814;67;65456;65486;0;0
454;1521884039;3255;65161;65150;16294;65173;2297;62814;86;65457;65496;0;0
455;1521884039;2474;65144;65153;16295;65153;2296;62787;64;65446;65499;0;0
456;1521884039;1911;65163;65137;16294;65153;2296;62787;74;65427;65510;0;0
457;1521884039;2221;65164;65128;16364;65153;2296;62787;86;65435;65497;0;0
458;1521884039;2046;65150;65160;16375;65170;2268;62794;95;65446;65521;0;0
459;1521884039;1893;65182;65141;16338;65170;2268;62794;86;65434;65511;0;0
460;1521884039;2647;65153;65153;16345;65136;2266;62772;86;65457;65517;0;0
461;1521884039;3216;65134;65147;16302;65136;2266;62772;69;65440;65515;0;0
462;1521884039;2522;65142;65148;16231;65171;2290;62794;77;65419;65504;0;0
463;1521884039;1882;65147;65184;16260;65171;2290;62794;85;65428;65475;0;0
464;1521884039;1942;65131;65163;16286;65171;2290;62794;95;65460;65523;0;0
465;1521884039;2088;65141;65156;16271;65155;2256;62806;103;65444;65500;0;0
466;1521884039;2375;65149;65155;16339;65155;2256;62806;103;65444;65490;0;0
467;1521884039;3419;65151;65154;16357;65170;2250;62813;76;65449;65515;0;0
468;1521884039;2244;65175;65151;16349;65170;2250;62813;67;65431;65520;0;0
469;1521884039;2264;65117;65088;16505;65170;2250;62813;54;65419;65497;0;0
470;1521884039;2057;65136;65120;16321;65177;2272;62808;51;65442;65488;0;0
471;1521884039;1899;65165;65099;16285;65177;2272;62808;91;65463;65519;0;0
472;1521884039;2099;65170;65148;16211;65178;2260;62831;108;65421;65487;0;0
473;1521884039;2329;65198;65194;16240;65178;2260;62831;75;65437;65490;0;0
474;1521884039;3485;65207;65167;16194;65165;2264;62851;96;65450;65492;0;0
475;1521884039;2197;65243;65222;16200;65165;2264;62851;70;65483;65510;0;0
476;1521884039;2023;65165;65169;16367;65165;2264;62851;82;65419;65502;0;0
477;1521884039;2069;65146;65171;16387;65124;2256;62832;51;65458;65501;0;0
478;1521884039;1882;65149;65174;16381;65124;2256;62832;78;65458;65516;0;0
479;1521884039;2116;65149;65125;16316;65181;2275;62842;106;65429;65514;0;0
480;1521884039;2412;65162;65151;16285;65181;2275;62842;72;65462;65517;0;0
481;1521884039;3542;65134;65121;16334;65181;2279;62825;94;65432;65504;0;0
482;1521884039;2193;65134;65126;16295;65176;2279;62825;76;65439;65522;0;0
483;1521884039;2004;65146;65109;16368;65176;2279;62825;83;65470;65525;0;0
484;1521884039;2088;65152;65118;16385;65174;2284;62817;71;65451;65524;0;0
485;1521884039;1881;65164;65131;16356;65174;2284;62817;69;65461;2;0;0
486;1521884039;2161;65201;65157;16353;65138;2307;62839;90;65425;65534;0;0
487;1521884039;2383;65182;65162;16335;65138;2307;62839;81;65452;65521;0;0
488;1521884039;3496;65163;65151;16331;65138;2307;62839;56;65446;65524;0;0
489;1521884039;2439;65172;65183;16228;65158;2250;62798;49;65454;65492;0;0
490;1521884039;1984;65161;65157;16217;65158;2250;62798;69;65438;65510;0;0
491;1521884039;2133;65157;65167;16214;65166;2270;62833;87;65439;65505;0;0
492;1521884039;1839;65138;65170;16299;65166;2270;62833;108;65448;65502;0;0
493;1521884039;2193;65164;65165;16388;65166;2270;62833;47;65446;65520;0;0
494;1521884039;2283;65175;65143;16379;65166;2273;62830;64;65446;65520;0;0
495;1521884039;3260;65165;65144;16390;65166;2273;62830;74;65454;65523;0;0
496;1521884039;2434;65144;65138;16361;65155;2245;62828;78;65449;65507;0;0
497;1521884039;1933;65169;65144;16347;65155;2245;62828;86;65458;65514;0;0
498;1521884039;2136;65171;65143;16294;65151;2260;62819;66;65447;65508;0;0
499;1521884039;1789;65155;65134;16255;65151;2260;62819;95;65439;65512;0;0
500;1521884039;1939;65148;65122;16269;65151;2260;62819;100;65428;65501;0;0
501;1521884039;2576;65141;65128;16331;65132;2247;62818;53;65431;65490;0;0
502;1521884039;3238;65148;65123;16320;65132;2247;62818;112;65471;6;0;0
503;1521884039;2448;65158;65143;16353;65155;2255;62810;80;65437;65525;0;0
504;1521884039;1944;65151;65163;16370;65155;2255;62810;68;65448;65512;0;0
505;1521884039;2203;65140;65153;16293;65155;2255;62821;71;65416;3;0;0
506;1521884039;2031;65163;65154;16293;65152;2252;62821;72;65455;65515;0;0
507;1521884039;2385;65157;65158;16303;65152;2252;62821;105;65450;65514;0;0
508;1521884039;3373;65173;65157;16269;65165;2264;62817;85;65440;65507;0;0
509;1521884039;2228;65178;65154;16303;65165;2264;62817;77;65435;65510;0;0
510;1521884039;2174;65168;65148;16331;65155;2245;62819;96;65421;65531;0;0
511;1521884039;1824;65159;65139;16351;65155;2245;62819;82;65429;65530;0;0
512;1521884039;1881;65179;65135;16347;65155;2245;62819;65;65461;65514;0;0
513;1521884039;2058;65162;65141;16351;65157;2256;62818;60;65439;65506;0;0
514;1521884039;2338;65171;65133;16301;65157;2256;62818;60;65441;65504;0;0
515;1521884039;3422;65159;65130;16300;65144;2280;62778;66;65431;65524;0;0
516;1521884039;2240;65152;65132;16308;65144;2280;62778;66;65456;65498;0;0
517;1521884039;2251;65154;65123;16283;65148;2264;62801;59;65450;65486;0;0
518;1521884039;1822;65162;65137;16323;65148;2264;62801;78;65442;65514;0;0
519;1521884039;1918;65163;65124;16356;65148;2264;62801;86;65452;65501;0;0
520;1521884039;2070;65174;65148;16359;65137;2294;62797;80;65418;65526;0;0
521;1521884039;2391;65177;65122;16639;65137;2294;62797;78;65466;65506;0;0
522;1521884039;3458;65185;65135;16315;65138;2275;62835;81;65455;65530;0;0
523;1521884039;2209;65171;65149;16316;65138;2275;62835;88;65465;65511;0;0
524;1521884039;2263;65173;65141;16314;65138;2275;62835;68;65456;65499;0;0
525;1521884039;2050;65160;65146;16267;65165;2249;62823;74;65445;65508;0;0
526;1521884039;1896;65170;65152;16261;65165;2249;62823;74;65445;65495;0;0
527;1521884039;2129;65149;65159;16260;65140;2290;62798;108;65423;65502;0;0
528;1521884039;2395;65159;65135;16248;65140;2290;62798;88;65439;65503;0;0
529;1521884039;3504;65168;65145;16291;65149;2280;62838;94;65458;65523;0;0
530;1521884039;2150;65140;65146;16328;65149;2280;62838;74;65470;65530;0;0
531;1521884039;2023;65151;65144;16293;65149;2280;62838;100;65436;65514;0;0
532;1521884039;2087;65159;65168;16312;65159;2261;62794;92;65426;65500;0;0
533;1521884039;1878;65123;65168;16360;65159;2261;62794;58;65455;65502;0;0
534;1521884039;2142;65135;65149;16345;65159;2257;62793;81;65451;65517;0;0
535;1521884039;2398;65175;65132;16304;65159;2257;62793;62;65429;65475;0;0
536;1521884039;3558;65175;65134;16338;65159;2257;62793;111;65435;65514;0;0
537;1521884039;2424;65177;65155;16322;65173;2284;62802;111;65435;65508;0;0
538;1521884039;1981;65182;65158;16306;65173;2284;62802;62;65439;65525;0;0
539;1521884039;2115;65164;65159;16299;65162;2266;62768;78;65441;65504;0;0
540;1521884039;1833;65151;65152;16289;65162;2266;62768;58;65425;65509;0;0
541;1521884039;2197;65168;65167;16273;65162;2266;62788;69;65465;65498;0;0
542;1521884039;2403;65158;65141;16288;65139;2247;62788;85;65448;65482;0;0
543;1521884039;3308;65172;65149;16314;65139;2247;62788;83;65449;65504;0;0
544;1521884039;2439;65158;65153;16364;65166;2240;62744;91;65459;65517;0;0
545;1521884039;1954;65149;65133;16373;65166;2240;62744;77;65463;65520;0;0
546;1521884039;2154;65169;65154;16327;65154;2246;62771;76;65439;65481;0;0
547;1521884039;1804;65171;65137;16343;65154;2246;62771;62;65457;65529;0;0
548;1521884039;2771;65150;65124;16297;65154;2246;62779;80;65441;65519;0;0
549;1521884039;3259;65177;65125;16278;65167;2268;62779;91;65434;65497;0;0
550;1521884039;2226;65135;65135;16315;65167;2268;62779;75;65448;65518;0;0
551;1521884039;1857;65148;65131;16301;65134;2263;62787;120;65438;65512;0;0
552;1521884039;1874;65186;65141;16299;65134;2263;62787;88;65437;65522;0;0
553;1521884039;2275;65184;65141;16314;65161;2265;62755;76;65458;65526;0;0
554;1521884039;1506;65165;65143;16296;65161;2265;62755;55;65457;65488;0;0
555;1521884039;2392;65184;65152;16304;65161;2265;62755;109;65440;65516;0;0
556;1521884039;3373;65177;65153;16274;65166;2283;62788;90;65461;65491;0;0
557;1521884039;2282;65193;65148;16292;65166;2283;62788;78;65424;65504;0;0
558;1521884039;2155;65200;65152;16310;65164;2267;62756;104;65430;65496;0;0
559;1521884039;1816;65180;65158;16349;65164;2267;62756;79;65449;65518;0;0
560;1521884039;2141;65161;65149;16325;65164;2267;62756;88;65446;65508;0;0
561;1521884039;2011;65170;65147;16333;65134;2298;62784;58;65452;65524;0;0
562;1521884039;2422;65182;65146;16352;65134;2298;62784;76;65436;65480;0;0
563;1521884039;3403;65167;65137;16320;65158;2297;62825;96;65451;65512;0;0
564;1521884039;2229;65156;65150;16305;65158;2297;62825;83;65446;0;0;0
565;1521884039;2219;65146;65131;16297;65158;2278;62819;75;65441;65513;0;0
566;1521884039;1819;65169;65133;16281;65158;2278;62819;70;65464;65515;0;0
567;1521884039;1917;65172;65155;16296;65158;2278;62819;80;65439;65499;0;0
568;1521884039;2069;65137;65156;16298;65185;2273;62800;79;65455;65513;0;0
569;1521884039;2433;65152;65152;16298;65185;2273;62800;79;65449;65485;0;0
570;1521884039;3474;65171;65169;16332;65174;2290;62788;67;65456;65486;0;0
571;1521884039;2183;65165;65155;16324;65174;2290;62788;70;65409;65491;0;0
572;1521884039;2287;65161;65165;16340;65174;2290;62788;54;65432;65512;0;0
573;1521884039;2062;65169;65175;16321;65181;2280;62755;106;65448;65515;0;0
574;1521884039;1928;65141;65151;16310;65181;2280;62755;78;65442;65526;0;0
575;1521884039;2099;65155;65148;16289;65177;2279;62753;61;65440;65531;0;0
576;1521884039;2379;65167;65140;16322;65177;2279;62753;91;65444;65511;0;0
577;1521884039;3472;65164;65129;16298;65167;2312;62797;101;65444;65517;0;0
578;1521884039;2171;65177;65149;16340;65167;2312;62797;88;65436;65519;0;0
579;1521884039;2032;65176;65158;16358;65167;2312;62797;87;65461;65518;0;0
580;1521884039;2027;65183;65138;16343;65172;2284;62763;81;65457;65520;0;0
581;1521884039;1878;65197;65165;16330;65172;2284;62763;84;65430;65524;0;0
582;1521884039;2751;65183;65157;16300;65182;2305;62802;87;65433;65491;0;0
583;1521884040;3176;65171;65166;16284;65182;2305;62802;85;65430;65503;0;0
584;1521884040;2516;65164;65174;16287;65182;2302;62804;75;65430;65513;0;0
585;1521884040;2015;65130;65159;16294;65199;2302;62804;93;65441;65533;0;0
586;1521884040;1922;65160;65155;16288;65199;2302;62804;86;65446;65507;0;0
587;1521884040;2043;65151;65151;16318;65197;2284;62785;73;65436;65509;0;0
588;1521884040;1876;65145;65156;16316;65197;2284;62785;73;65454;65507;0;0
589;1521884040;2636;65174;65142;16324;65212;2294;62796;80;65436;65496;0;0
590;1521884040;3167;65185;65144;16302;65212;2294;62796;87;65420;65528;0;0
591;1521884040;2299;65165;65127;16286;65212;2294;62796;90;65440;65498;0;0
592;1521884040;2131;65168;65129;16260;65198;2311;62813;91;65412;65499;0;0
593;1521884040;1929;65167;65143;16289;65198;2311;62813;97;65445;65509;0;0
594;1521884040;2114;65156;65135;16301;65175;2276;62766;89;65451;65516;0;0
595;1521884040;1833;65152;65142;16298;65175;2276;62766;84;65440;65511;0;0
596;1521884040;2659;65167;65149;16373;65192;2299;62787;50;65434;65484;0;0
597;1521884040;3129;65161;65138;16321;65192;2299;62787;95;65460;65526;0;0
598;1521884040;2285;65172;65151;16327;65192;2299;62787;57;65426;65504;0;0
599;1521884040;2137;65166;65160;16352;65196;2288;62790;67;65469;65510;0;0
600;1521884040;1897;65167;65150;16315;65196;2288;62790;65;65447;65497;0;0
