Amplitude 1kHz ; Time start; Time end
4057;1521901148;1521901164
4057
3535
2926
3037
3869
3295
2637
2691
2390
2210
1725
1890
1927
2157
1946
2007
1792
1822
1815
2180
2156
2030
1655
1775
1900
2186
2053
2056
1793
1834
1840
2186
2172
2078
1606
1708
1906
2045
2149
2029
1830
1790
1807
1832
2178
2080
1997
1714
1886
1937
2134
2056
2084
1748
1740
1742
2257
2159
2059
1658
1894
1918
2172
2004
2073
1762
1797
1797
2276
2225
2072
1632
1773
1879
1885
2072
2055
1830
1893
1829
1905
2159
2095
2034
1707
1803
1883
2198
2127
2071
1765
1830
1870
2166
2032
2024
1762
1844
1884
2220
2111
2052
1706
1792
1832
2202
2106
2069
1746
1825
1875
2051
2126
2025
1748
1758
1848
1924
2189
2089
2033
1776
1820
1845
2145
2056
2038
1772
1860
1921
2206
2110
2024
1723
1782
1853
2200
2148
2087
1741
1810
1871
2229
2105
2019
1678
1799
1860
2033
2161
2103
1785
1772
1809
1847
2120
2077
2060
1801
1848
1873
2191
2095
2039
1703
1794
1877
2232
2138
2075
1768
1826
1870
2172
2089
2009
1737
1834
1911
2237
2160
2073
1729
1784
1810
1931
2152
2078
1833
1807
1862
1903
2140
2054
2007
1773
1817
1907
2194
2119
2040
1771
1810
1867
2126
2051
2060
1786
1858
1905
2226
2119
2039
1703
1754
1852
2228
2233
2108
2075
1795
1840
1888
2174
2049
1996
1737
1846
1889
2264
2145
2049
1721
1828
1835
2211
2140
2081
1772
1860
1903
2034
2145
2056
1740
1758
1834
1918
2168
2103
2054
1765
1814
1862
2140
2067
2009
1757
1867
1921
2223
2120
2056
1703
1768
1946
2264
2166
2098
1740
1816
1866
2235
2129
2039
1729
1930
2231
2177
2096
1761
1848
1885
2248
2146
2067
1705
1793
1847
1999
2151
2089
1803
1783
1861
1887
2158
2039
2004
1784
1875
1886
2194
2102
2050
1751
1822
1856
2159
2090
2076
1771
1836
1892
2221
2098
2105
1748
1811
1891
2245
2131
2082
1731
1823
1845
1943
2156
2040
1797
1806
1874
1909
2159
2077
2021
1760
1813
1875
2180
2125
2030
1756
1844
1897
2198
2107
2027
1691
1825
1898
2228
2129
2070
1712
1805
1858
2209
2119
2074
1719
1831
1869
1996
2139
2074
1786
1768
1830
1886
2194
2101
2054
1755
1848
1884
2173
2090
2014
1780
1831
1863
2193
2102
2085
1743
1803
1829
2204
2136
2104
1697
1859
1827
2256
2114
2085
1695
1799
1854
1937
2133
2087
1804
1812
1817
1868
2108
2077
2023
1793
1805
1926
2155
2091
2017
1754
1805
1869
2190
2113
2053
1756
1843
1877
2214
2090
2026
1701
1832
1909
2239
2136
2052
1704
1811
1851
1917
2121
2071
1813
1791
1855
1901
2209
2088
2019
1746
1823
1883
2207
2098
2064
1738
1820
1874
2187
2077
2033
1725
1849
1871
2239
2122
2053
1705
1790
1839
2230
2138
2065
1741
1795
1851
1936
2141
2078
1811
1792
1823
1902
2189
2112
2040
1801
1851
1896
2189
2087
2042
1828
1833
1922
2253
2062
2060
1772
1804
1854
2250
2112
2080
1773
1804
1875
2264
2108
2035
1713
1803
1854
2000
2159
2085
1826
1804
1847
1870
2134
2081
2068
1766
1882
1919
2158
2081
2029
1747
1818
1920
2216
2103
2075
1746
1869
1850
2198
2099
2066
1715
1851
1893
2250
2129
2066
1688
1743
1830
1929
2160
2078
1823
1781
1853
1881
2164
2065
2023
1753
1843
1895
2192
2087
2061
1738
1814
1887
2194
2104
2046
1743
1832
1865
2217
2131
2048
1711
1772
1856
2256
2142
2080
1722
1836
1873
1936
2142
2053
1789
1793
1839
1888
2157
2093
2050
1765
1803
1849
2166
2098
2054
1797
1845
1861
2192
2129
2065
1698
1816
1866
2209
2130
2097
1730
1805
1852
2207
2106
2047
1703
1805
1878
1939
2139
2083
1835
1776
1789
1880
2151
2108
2062
1777
1844
1947
2164
2073
2018
1750
1862
1863
2226
2112
2065
1732
1787
1877
2199
2122
2034
1718
1850
1888
2243
2157
2056
1685
1765
1841
1924
2164
2118
1848
1775
1849
1890
2168
2036
2036
1780
1859
1896
2196
2094
2062
1726
1781
1859
2197
2097
2060
1750
1821
1882
2211
2123
2052
1710
1769
1864
2239
2159
2077
1693
1800
1842
1881
2127
2072
1882
1807
1844
1900
2172
2104
2038
1749
1797
1863
2187
2120
2060
1759
1870
1876
2181
2083
2030
1721
1847
1898
2234
2144
2071
1729
1804
1849
2178
2104
2083
1740
1822
1862
1915
2135
2059
1833
1772
1901
1954
2180
2101
2038
1779
1834
1903
2154
2074
2003
1763
1844
1904
2212
2113
2045
1722
1808
1842
2192
2123
2065
1726
1818
1880
2239
2131
2044
1672
1784
1878
1983
2174
2086
1806
1773
1816
1878
2125
2035
2066
1795
1848
1902
2192
2095
2039
1726
1793
1876
2208
2135
2094
1745
1827
1864
2218
2098
2035
1715
1807
1864
2237
2143
2070
1709
1784
1826
1934
2131
2088
1807
1790
1845
1887
2141
2087
2021
1745
1825
1880
2192
2124
2060
1754
1833
1880
2173
2069
2024
1750
1833
1894
2219
2116
2055
1710
1798
1817
2233
2128
2069
1746
1823
1879
1975
2132
2048
1765
1772
1853
1910
2168
2109
2030
1770
1826
1854
2138
2079
2042
1770
1851
1903
2207
2100
2027
1719
1779
1849
2228
2143
2064
1728
1802
1874
2235
2112
2042
1689
1800
1890
1982
2169
2091
1788
1755
1809
1869
2150
2123
2070
1795
1825
1911
2196
2090
2014
1743
1798
1884
2195
1515
2068
4077
2550
1252
1917
1754
1668
1945
1928
2046
2154
2157
1990
1757
860
1909
1843
2262
2154
1881
1868
1780
1895
2528
2041
2034
1680
1844
1966
2034
2107
1903
1729
1771
1945
2207
2010
2046
1857
1870
1978
2322
2100
2111
1697
1832
1800
2292
2161
2065
1779
1766
1975
2038
2177
2022
1675
1817
1829
1929
2138
2081
2052
1695
1819
1944
2103
2101
2043
1725
1885
1833
2265
2090
2031
1709
1793
1900
2253
2121
2125
1690
1828
1859
2206
2153
2023
1719
1828
1845
2008
2173
2064
1776
1731
1846
1845
2169
2138
2044
1796
1817
1886
2176
2041
2040
1752
1805
1903
2202
2135
2049
1724
1820
1821
2173
2106
2072
1708
1819
1855
2250
2115
2069
1678
1758
1823
1993
2142
2106
1806
1799
1837
1862
2138
2044
2019
1773
1844
1891
2177
2088
2051
1762
1789
1847
2189
2126
2060
1768
1834
1870
2207
2094
2008
1676
1790
1874
2256
2146
2078
1701
1786
1831
2012
2125
2027
1760
1827
1867
1890
2181
2076
2006
1722
1815
1854
2163
2138
2057
1750
1825
1897
2186
2031
2012
1716
1849
1846
2258
2151
2042
1716
1731
1882
2151
2137
2089
1734
1831
1855
2057
2111
2090
1760
1760
1789
1903
2226
2062
2077
1736
1881
1803
2187
2068
2034
1754
1834
1924
2171
2122
2044
1772
1758
1842
2200
2175
2036
1757
1809
1801
2212
2095
2065
1665
1789
1848
2027
2129
2088
1803
1798
1814
1875
2113
2076
2042
1820
1858
1915
2178
2088
2022
1746
1784
1865
2184
2110
2094
1758
1829
1867
2191
2091
2013
1707
1815
1890
2256
2135
2068
1697
1792
1834
1965
2139
2072
1797
1791
1871
1900
2187
2081
2002
1733
1834
1893
2189
2112
2053
1747
1824
1877
2198
2080
2053
1769
1850
1904
2236
2131
2061
1706
1754
1823
2201
2149
2106
1719
1838
1846
1992
2166
2070
1733
1790
1817
1916
2176
2104
2027
1772
1789
1819
2155
2073
2051
1770
1836
1872
2186
2110
2052
1708
1795
1859
2216
2142
2070
1740
1811
1865
2220
2089
2046
1701
1818
1877
1976
2129
2101
1822
1785
1818
1859
2132
2062
2097
1772
1884
1880
2189
2039
2020
1722
1821
1895
2210
2137
2021
1764
1817
1856
2202
2105
2035
1737
1824
1878
2282
2132
2067
1676
1803
1839
1976
2156
2098
1826
1801
1836
1942
2164
2074
1994
1782
1855
1916
2213
2118
2045
1755
1807
1844
2165
2089
2080
1754
1836
1884
2226
2119
2040
1679
1748
1845
2252
2153
2089
1713
1786
1827
1978
2119
2061
1778
1791
1845
1892
2192
2098
2052
1770
1857
1801
2171
2126
2038
1783
1867
1842
2197
2099
2018
1693
1796
1897
2219
2144
2087
1734
1797
1850
2211
2119
2034
1740
1834
1883
2012
2140
2105
1772
1753
1836
1889
2165
2068
2064
1794
1827
1899
2172
2055
2009
1756
1833
1916
2219
2129
2047
1753
1815
1853
2201
2112
2037
1728
1817
1893
2264
2144
2062
1668
1909
9
1369
2454
2148
1847
1722
1744
1690
2209
2061
1913
2304
1985
1608
1868
2074
2345
1690
2030
1610
2375
1976
2155
1345
1945
2175
2100
2234
2003
1663
1676
2009
2305
2178
2056
1568
1887
1849
1938
2051
2062
1814
1796
1803
1791
2107
2068
2021
1776
1835
1863
2131
2134
2023
1782
1881
1877
2164
2146
2054
1736
1873
1841
2183
2071
2143
1738
1823
1789
2196
2095
2144
1694
1887
1829
2000
2146
2114
1747
1744
1835
1896
2182
2074
2041
1771
1844
1865
2140
2056
2031
1762
1849
1901
2198
2120
2016
1698
1830
1855
2204
2136
2106
1715
1825
1879
2276
2093
2056
1663
1774
1856
2060
2189
2052
1792
1766
1811
1848
2194
2077
2015
1770
1846
1886
2186
2103
2039
1705
1772
1847
2218
2136
2053
1760
1827
1860
2207
2094
2013
1702
1844
1839
2221
2150
2096
1696
1786
1791
1976
2144
2074
1784
1810
1881
1876
2159
2059
2022
1722
1852
1890
2207
2094
2064
1757
1819
1861
2164
2064
2039
1769
1858
1890
2214
2126
2032
1709
1782
1845
2218
2152
2086
1733
1806
1839
2037
2141
2024
1743
1797
1845
1911
2177
2108
2013
1805
1844
1876
2148
2090
2046
1761
1837
1884
2218
2110
2021
1711
1800
1869
2225
2149
2083
1706
1810
1867
2232
2098
2037
1687
1783
1864
2068
2167
2102
1765
1749
1801
1872
2156
2089
2060
1787
1849
1877
2158
2050
2011
1745
1810
1867
2212
2160
2054
1741
1807
1881
2165
2086
2024
1775
1836
1885
2224
2174
2069
1700
1729
1829
2078
2175
2099
1787
1831
1924
1877
2121
2074
2036
1765
1826
1916
2221
2100
2036
1761
1842
1843
2133
2093
2069
1776
1816
1908
2206
2120
2004
1696
1797
1864
2225
2133
2093
1733
1759
1859
2031
2119
2026
1736
1810
1865
1923
2156
2115
2039
1747
1812
1855
2172
2105
2048
1793
1831
1890
2203
2112
2022
1689
1812
1899
2223
2137
2073
1725
1796
1835
2205
2121
2050
1692
1788
1871
2009
2159
2083
1795
1742
1774
1878
2182
2129
2052
1754
1809
1821
2155
2117
2071
1772
1780
1839
2180
2165
2120
1776
1707
1757
2166
2200
2124
1721
1767
1844
2306
2128
2017
1636
1816
1862
1939
2116
2116
1805
1793
1821
1848
2118
2049
2047
1784
1858
1885
2159
2071
2060
1757
1783
1832
2160
2129
2061
1755
1848
1845
2221
2085
2012
1696
1768
1861
2256
2141
2084
1660
1808
1829
1944
2135
2031
1797
1793
1903
1920
2151
2104
1988
1748
1841
1837
2217
2138
2019
1772
1838
1860
2191
2107
2017
1703
1866
1897
2223
2149
2066
1700
1776
1839
2254
2122
2099
1719
1800
1837
2052
2161
2045
1751
1771
1814
1898
2186
2094
2059
1785
1837
1874
2126
2076
2070
1768
1809
1902
2177
2128
2064
1735
1780
1846
2226
2129
2064
1721
1809
1869
2204
2094
2070
1666
1832
1849
2069
2181
2088
1822
1825
1864
1881
1618
4081
4083
2582
1715
1902
2899
1776
1867
1605
1897
1647
2156
2059
2296
289
1963
2150
2282
2162
2186
1660
2032
1918
2514
1888
1945
1638
1959
1847
1843
2025
1973
1973
1933
1905
1824
2111
2069
2116
1794
1955
2054
2189
2155
2034
1886
1746
1840
2199
2084
2064
1685
1916
1856
2315
2133
1953
1630
1713
1878
2203
2146
2138
1655
1855
1883
1986
2155
2079
1726
1865
1806
1969
2166
2137
2101
1782
1822
1890
2137
2142
2069
1851
1765
1848
2260
2125
2051
1765
1863
1855
2223
2141
2054
1746
1865
1889
2155
2096
2056
1736
1797
1874
2067
2163
2074
1738
1739
1828
1925
2156
2063
1989
1801
1906
1873
2192
2050
2038
1768
1814
1846
2224
2158
2070
1708
1852
1904
2185
2021
2011
1720
1896
1875
2262
2168
2119
1678
1732
1849
2129
2195
2063
1734
1801
1891
1917
2135
2069
2048
1772
1849
1881
2230
2130
2004
1733
1795
1864
2153
2082
2078
1760
1810
1834
2225
2137
2057
1691
1771
1854
2251
2145
2100
1728
1795
1831
2079
2139
2050
1714
1807
1870
1935
2180
2099
2052
1767
1801
1851
2162
2122
2056
1763
1847
1863
2185
2070
2026
1710
1833
1880
2227
2136
2081
1739
1772
1850
2181
2074
2052
1802
1805
1890
2144
2175
2051
1726
1775
1810
1880
2140
2092
2011
1818
1864
1900
2104
2039
2006
1777
1824
1894
2243
2138
2025
1743
1805
1838
2184
2117
2064
1741
1859
1887
2241
2112
2063
1628
1767
1841
2127
2178
2084
1743
1777
1862
1861
2116
2062
2026
1774
1865
1917
2211
2106
2057
1719
1787
1841
2190
2111
2109
1780
1822
1866
2212
2105
2013
1699
1805
1870
2254
2169
2077
1709
1791
1835
2062
2119
2088
1813
1816
1876
1927
2179
2067
2023
1735
1811
1885
2197
2118
2075
1767
1846
1867
2164
2048
2043
1738
1847
1897
2224
2115
2055
1731
1802
1826
2192
2114
2075
1740
1804
1871
2092
2133
2056
1721
1771
1894
1896
2200
2114
2044
1793
1854
1884
2176
2083
2031
1787
1841
1906
2228
2112
2034
1711
1775
1834
2213
2137
2085
1729
1818
1866
2225
2130
2042
1657
1766
1871
2142
2167
2098
1736
1775
1814
1863
2145
2092
2047
1780
1843
1896
2180
2101
2033
1717
1781
1855
2213
2129
2075
1759
1810
1867
2196
2090
2039
1728
1837
1882
2242
2155
2082
1690
1785
1798
2068
2136
2092
1774
1812
1839
1863
2150
2070
1998
1746
1842
1908
2181
2103
2045
1761
1820
1867
2157
2059
2037
1774
1856
1892
2225
2115
2032
1701
1789
1849
2231
2127
2092
1706
1829
1870
2103
2135
2050
1713
1810
1866
1943
2205
2099
2032
1778
1817
1862
2144
2100
2054
1770
1834
1890
2216
2098
2015
1713
1797
1869
2248
2143
2075
1716
1808
1839
2213
2116
2038
1675
1794
1865
2094
2161
2097
1768
1768
1813
1864
2174
2100
2089
1811
1881
1906
2193
2081
2013
1728
1816
1876
2231
2132
2078
1776
1840
1869
2201
2113
2077
1781
1825
1861
2227
2167
2104
1705
1799
1847
2031
2189
2134
1808
1813
1881
1896
2191
2082
2020
1802
1857
1885
2195
2074
2068
1748
1814
1894
2192
2138
2097
1736
1846
1913
2224
2106
2076
1697
1800
1876
2259
2154
2076
1704
1821
1882
2006
2143
2013
1765
1797
1879
1904
2175
2076
2025
1739
1817
1862
2210
2100
2055
1786
1832
1905
2245
2100
2027
1657
1830
1879
2262
2166
2108
1719
1814
1880
2233
2138
2066
1727
1814
1851
1994
2165
2075
1777
1744
1844
1874
2186
2093
2054
1764
1829
1873
2166
2076
2014
1739
1834
1873
2203
2136
2059
1772
1821
1835
2188
2128
2070
1745
1833
1867
2221
2133
2057
1695
1778
1856
2051
2162
2118
1778
1797
1848
1861
2134
2043
2039
1800
1851
1907
2190
2092
2037
1729
1805
1878
2202
2121
2080
1769
1835
1862
2215
2086
2020
1689
1826
1888
2244
2122
2079
1708
1775
1831
2037
2142
2041
1784
1864
1828
1908
2187
2051
2038
1729
1790
1909
2210
2095
2065
1761
1787
1896
2207
2050
2030
1720
1795
1922
2241
2123
2069
1702
1771
1843
2224
2128
2100
1757
1812
1875
2098
2157
2067
1734
1753
1845
1898
2184
2119
2038
1759
1827
1847
2141
2077
2072
1775
1840
1866
2199
2112
2052
1716
1794
1822
2202
2138
2087
1748
1829
1850
2214
2093
2041
1680
1789
1857
2104
2143
2093
1766
1781
1828
1891
2131
2093
2065
1826
1846
1907
2165
2101
1999
1749
1812
1870
2237
2133
2021
1784
1846
1855
2198
2095
1985
1750
1867
1843
2294
2159
2013
1723
1778
1787
2106
2172
2049
1793
1799
1828
1903
2196
2030
2004
1769
1797
1913
2225
2113
2083
1754
1822
1861
2191
2112
2090
1732
1854
1920
2272
2127
2076
1738
1747
1871
2215
2147
2113
1703
1780
1852
2115
2116
2059
1709
1778
1851
1904
2183
2101
2039
1789
1813
1831
2155
2123
2060
1786
1859
1879
2191
2103
2014
1724
1789
1848
2244
2108
2071
1743
1825
1875
2189
2095
2015
1732
1814
1877
2173
2146
2078
1771
1789
1835
1851
2148
2111
2018
1783
1851
1930
2225
2091
2037
1768
1829
1880
2179
2098
2037
1755
1805
1859
2212
2071
2052
1726
1843
1899
2259
2142
2032
1683
1753
1842
2157
2144
2102
1695
1775
1859
1878
2130
2061
2039
1790
1852
1908
2216
2131
2063
1740
1795
1858
2175
2091
2069
1781
1803
1879
2224
2105
2060
1715
1768
1868
2236
2152
2086
1708
1799
1837
2168
2122
2056
1725
1808
1884
1890
2163
2089
2030
1714
1799
1862
2161
2101
2084
1791
1836
1870
2175
2110
2012
1718
1844
1905
2188
2147
2063
1752
1782
1878
2208
2088
2062
1744
1861
1889
2208
2167
2092
1723
1770
1821
1921
2181
2102
2034
1813
1820
1884
2140
2035
1971
1773
1873
1892
2162
2114
2069
1756
1790
1860
2231
2140
2085
1715
1835
1876
2249
2100
2051
1636
1821
1874
2236
2141
2088
1728
1780
1822
1880
2152
2059
2030
1783
1860
1917
2200
2082
2039
1698
1797
1847
2195
2117
2107
1758
1830
1839
2224
2098
2045
1695
1842
1890
2268
2116
2121
1731
1833
1832
2220
2126
2103
1727
1823
1860
1938
2155
2073
2012
1756
1861
1869
2220
2148
2077
1793
1890
1867
2164
2067
2045
1728
1850
1890
2252
2083
2078
1742
1842
1884
2226
2122
2101
1706
1839
1900
2246
2111
2054
1739
1778
1854
1845
2226
2101
2011
1791
1857
1893
2151
2058
2043
1785
1849
1883
2226
2107
1997
1742
1825
1853
2172
2169
2124
1732
1819
1851
2216
2108
2024
1617
1805
1891
2243
2165
2077
1711
1867
1798
1870
2152
2069
2025
1781
1824
1870
2213
2051
2062
1784
1810
1914
2191
2144
2046
1719
1801
1888
2203
2114
2027
1731
1797
1878
2218
2122
2123
1676
1794
1845
2184
2164
2077
1691
1857
1852
1920
2114
2025
1938
1802
1872
1896
2134
2120
2081
1792
1803
1838
2153
2086
2067
1769
1846
1871
2219
2112
2056
1712
1787
1844
2223
2107
2057
1720
1809
1853
2199
2128
2014
1663
1778
1885
1909
2154
2073
1964
1787
1819
1853
2147
2103
2056
1787
1903
1908
2172
2095
2027
1728
1808
1891
2226
2121
2059
1720
1821
1868
2195
2098
2050
1705
1819
1864
2256
2160
2086
1675
1771
1806
1867
2159
2112
1973
1805
1861
1890
2143
2064
2027
1746
1800
1881
2219
2109
2050
1747
1819
1829
2184
2090
2085
1754
1850
1845
2223
2096
2052
1668
1687
1789
2253
2212
2120
1719
1734
1969
1940
2139
2088
1957
1753
1967
1958
2178
2114
2072
1733
1790
1867
2137
2094
2106
1755
1743
1891
2205
2100
2034
1677
1758
1914
2284
2176
2049
1682
1763
1880
2232
2117
2009
1676
1824
1891
1916
2149
2049
1929
1765
1848
1890
2152
2117
2038
1812
1861
1884
2200
2082
2024
1723
1845
1847
2195
2156
2078
1741
1800
1759
2260
2141
2047
1791
1765
1782
2247
2172
2079
1701
1702
1770
1992
2186
2074
2057
1739
1739
1912
2220
2100
2055
1765
1764
1839
2239
2181
2097
1719
1710
1824
2233
2179
2156
1629
1704
1836
2289
2176
2066
1656
1739
1963
2182
2078
2077
1818
1803
1794
1780
2082
2127
1967
1763
1832
1993
2196
2022
2032
1761
1811
1813
2260
2100
2089
1778
1826
1846
2221
2084
1987
1693
1802
1884
2234
2141
2116
1705
1809
1853
2181
2115
2063
1739
1775
1856
1901
2142
2097
1875
1760
1839
1909
2202
2127
2117
1799
1863
1874
2144
2068
2032
1735
1839
1917
2203
2119
2056
1729
1771
1842
2223
2119
2085
1754
1819
1859
2242
2132
2028
1648
1772
1847
1903
2122
2093
1918
1748
1806
1872
2162
2083
2057
1801
1855
1885
2216
2119
2039
1706
1807
1863
2214
2093
2087
1788
1803
1869
2191
2116
2007
1709
1820
1923
2201
2089
2079
1731
1772
1840
1833
2068
2074
1883
1840
1900
1843
2143
2112
2007
1728
1832
1876
2207
2126
2060
1762
1838
1890
2162
2062
2028
1709
1851
1892
2243
2132
2041
1682
1824
1809
2200
2178
2117
1694
1812
1805
1960
2133
2078
1787
1761
1799
1912
2220
2134
2006
1745
1829
1887
2162
2107
2053
1807
1848
1942
2250
2093
2046
1719
1842
1825
2277
2143
2108
1707
1835
1884
2201
2117
2040
1707
1807
1883
2013
2163
2092
1817
1762
1812
1867
2140
2095
2080
1760
1850
1869
2161
2120
2047
1708
1806
1886
2204
2113
2071
1777
1852
1876
2168
2121
2054
1750
1803
1952
2224
2127
2124
1682
1831
1835
1982
2158
2084
1822
1780
1851
1862
2165
2069
1955
1766
1822
1900
2221
2105
2041
1719
1836
1858
2180
2091
2039
1758
1845
1897
2229
2114
2055
1642
1768
1861
2241
2100
2140
1724
1802
1789
1971
2150
2064
1745
1731
1914
1940
2163
2046
2044
1796
1787
1812
2148
2140
2102
1759
1781
1864
2218
2108
2033
1695
1773
1865
2237
2148
2077
1732
1804
1833
2205
2105
2070
1719
1828
1893
1966
2179
2089
1783
1752
1805
1842
2174
2109
2062
1780
1835
1891
2168
2048
2013
1746
1831
1893
2208
2118
2061
1743
1822
1854
2174
2103
2095
1742
1805
1888
2244
2130
2046
1673
1768
1842
2039
2158
2082
1773
1805
1847
1886
2131
2046
2000
1767
1862
1911
2177
2121
2037
1734
1794
1845
2190
2114
2071
1739
1825
1892
2224
2098
2051
1673
1785
1870
2255
2180
2088
1690
1776
1836
2010
2132
2069
1776
1799
1849
1900
2170
2103
2013
1731
1797
1853
2189
2122
2058
1767
1806
1859
2188
2091
2018
1721
1836
1859
2237
2134
2080
1708
1801
1829
2215
2141
2075
1730
1811
1856
2043
2143
2071
1732
1757
1846
1892
2183
2103
2052
1782
1835
1854
2130
2054
2030
1755
1833
1891
2216
2111
2048
1771
1803
1853
2208
2111
2057
1732
1829
1874
2236
2126
2024
1673
1783
1863
2132
2167
2071
1724
1787
1845
1851
2139
2077
2024
1798
1862
1915
2186
2096
2019
1706
1793
1874
2213
2131
2081
1761
1825
1869
2208
2110
2020
1697
1828
1891
2259
2145
2074
1694
1764
1823
2092
2137
2091
1774
1789
1838
1919
2165
2067
2007
1762
1810
1876
2211
2117
2075
1782
1815
1853
2138
2114
2092
1773
1857
1900
2216
2113
2069
1713
1781
1840
2203
2142
2095
1739
1811
1858
2146
2104
2045
1704
1778
1852
1895
2155
2082
2040
1793
1842
1868
2137
2063
2053
1784
1850
1895
2189
2091
2010
1712
1792
1866
2224
2131
2074
1727
1825
1866
2231
2122
2037
1695
1830
1871
2149
2166
2076
1737
1774
1860
1889
2203
2117
2058
1785
1863
1899
2166
2092
2008
1704
1803
1890
2221
2128
2072
1737
1813
1862
2200
2101
2054
1733
1830
1868
2253
2147
2073
1680
1762
1819
2112
2164
2108
1752
1833
1835
1891
2165
2063
2014
1770
1855
1902
2207
2118
2059
1705
1854
1818
2079
2188
2084
1718
1854
1889
2191
2062
2117
1708
1739
1874
2254
2140
2028
1737
1803
1794
2158
2103
2021
1718
1809
1894
1840
2190
2093
2029
1743
1837
1898
2131
2115
2059
1799
1764
1905
2209
2089
1958
1746
1802
1868
2259
2089
2081
1736
1809
1823
2255
2101
2030
1717
1835
1956
2081
2171
2120
1742
1808
1845
1865
2202
2124
2068
1740
1846
1927
2157
2000
2087
1786
1802
1891
2182
2195
2034
1720
1811
1834
2172
2136
2099
1699
1824
1861
2290
2143
2082
1663
1762
1790
2056
2174
2089
1814
1778
1864
1864
2107
2045
2048
1774
1849
1878
2184
2113
2055
1726
1780
1838
2193
2117
2083
1752
1852
1866
2214
2108
2042
1682
1808
1880
2229
2128
2093
1710
1793
1834
2060
2116
2058
1766
1819
1863
1908
2164
2059
2012
1738
1817
1893
2205
2081
2049
1755
1851
1855
2222
2089
1995
1741
1830
1909
2209
2118
2045
1716
1792
1856
2237
2128
2041
1700
1828
1842
2113
2151
2094
1679
1766
1820
1934
2146
2126
2020
1780
1811
1906
2133
2092
2017
1758
1856
1884
2205
2102
2064
1690
1785
1848
2231
2117
2111
1743
1815
1867
2236
2155
2012
1694
1790
1833
2070
2173
2097
1755
1795
1852
1829
2120
2104
2052
1798
1856
1873
2173
2095
2044
1721
1795
1870
2174
2129
2078
1727
1847
1875
2164
2082
2048
1711
1806
1896
2266
2117
2078
1673
1786
1810
2018
2124
2094
1797
1813
1862
1907
2132
2055
2010
1712
1826
1910
2210
2090
2055
1734
1821
1874
2168
2080
2055
1749
1854
1891
2236
2113
2044
1688
1796
1838
2259
2138
2082
1703
1778
1878
2016
2154
2061
1752
1780
1848
1886
2199
2092
2033
1784
1779
1856
2166
2120
2052
1774
1834
1871
2213
2128
2059
1699
1814
1804
2269
2126
2092
1706
1811
1862
2186
2127
2048
1683
1785
1865
2023
2158
2080
1798
1743
1827
1876
2129
2090
2062
1809
1796
1903
2167
2070
1997
1725
1822
1850
2228
2109
2096
1721
1835
1851
2183
2068
2038
1760
1796
1888
2236
2145
2022
1694
1744
1818
2001
2150
2117
1777
1814
1848
1892
2133
2052
1989
1748
1849
1906
2208
2106
2027
1732
1817
1810
2182
2122
2065
1766
1826
1885
2217
2101
2037
1660
1763
1855
2251
2159
2085
1694
1789
1835
2040
2127
2035
1744
1782
1867
1925
2187
2102
2045
1742
1784
1858
2169
2106
2080
1775
1789
1867
2206
2098
2025
1716
1812
1868
2240
2147
2076
1728
1814
1840
2200
2115
2055
1718
1836
1866
2096
2155
2081
1705
1731
1831
1876
2163
2096
2080
1808
1849
1861
2176
2069
2029
1732
1863
1887
2236
2109
2073
1704
1818
1853
2223
2092
2046
1758
1869
1898
2233
2135
2032
1669
1789
1872
2129
2175
2086
1704
1802
1827
1877
2144
2061
2033
1736
1854
1906
2206
2105
2034
1726
1802
1851
2186
2129
2052
1735
1817
1877
2239
2107
2023
1679
1804
1871
2296
2157
2101
1702
1775
1833
2099
2117
2079
1751
1812
1856
1899
2167
2100
2032
1731
1797
1845
2204
2142
2100
1753
1798
1856
2208
2084
2017
1705
1845
1897
2235
2118
2078
1723
1761
1840
2183
2127
2069
1725
1787
1891
2099
2130
2090
1655
1740
1843
1913
2164
2068
2047
1778
1825
1880
2155
2069
2026
1782
1854
1886
2158
2096
2040
1705
1799
1857
2235
2124
2070
1756
1823
1895
2239
2106
2007
1689
1785
1857
2182
2194
2059
1702
1776
1856
1829
2128
2095
2042
1803
1851
1916
2226
2093
2022
1713
1761
1855
2217
2130
2080
1740
1802
1875
2219
2095
2023
1694
1806
1887
2230
2172
2099
1694
1773
1777
2113
2140
2087
1760
1769
1836
1885
2171
2091
2006
1746
1831
1878
2192
2101
2039
1740
1790
1849
2134
2097
2058
1759
1845
1852
2218
2132
2060
1697
1791
1837
2222
2147
2109
1725
1805
1849
2105
2106
2035
1710
1784
1844
1907
2162
2082
2056
1777
1818
1858
2161
2085
2067
1804
1850
1893
2203
2098
2016
1700
1793
1865
2223
2138
2070
1738
1807
1883
2222
2110
1998
1693
1807
1878
2123
2180
2080
1690
1763
1805
1910
2120
2110
2041
1783
1826
1921
2205
2066
2044
1728
1831
1874
2226
2126
2030
1739
1805
1883
2187
2116
2054
1737
1814
1885
2281
2123
2043
1671
1763
1811
2070
2171
2093
1732
1785
1847
1890
2150
2064
2022
1763
1856
1895
2180
2110
2066
1740
1805
1852
2180
2115
2068
1755
1840
1883
2199
2086
2047
1689
1797
1863
2235
2128
2082
1721
1818
1846
2091
2115
2044
1741
1818
1887
1925
2169
2100
2034
1752
1816
1857
2171
2098
2071
1780
1844
1875
2185
2091
2011
1719
1819
1889
2233
2142
2067
1731
1787
1867
2232
2100
2062
1714
1838
1834
2149
2153
2085
1649
1753
1853
1869
2186
2111
2071
1718
1870
1884
2181
2039
2026
1796
1816
1896
2279
2141
2014
1755
1808
1832
2183
2139
2078
1735
1820
1885
2212
2123
2055
1663
1746
1844
2091
2186
2084
1768
1799
1827
1861
2112
2076
2015
1817
1868
1892
2179
2118
2056
1756
1764
1831
2195
2122
2094
1773
1846
1857
2187
2087
2034
1695
1802
1892
2270
2150
2087
1717
1757
1817
2071
2089
2047
1770
1838
1871
1907
2156
2091
1986
1727
1797
1894
2183
2132
2078
1763
1845
1840
2176
2062
1998
1709
1859
1906
2258
2156
2069
1692
1782
1820
2200
2132
2080
1732
1812
1870
2063
2142
2035
1702
1747
1833
1956
2214
2140
2083
1775
1818
1943
2205
2133
2088
1774
2159
1977
2294
2151
2073
1762
1812
1566
2290
2208
2127
1780
1823
1981
2289
2183
2040
1709
1827
1895
1876
2255
2144
1809
1804
1590
1919
2170
2110
2081
1813
1875
1917
2276
2152
2054
1731
1796
2273
2269
2181
2103
1784
1866
1885
1941
2134
2086
1737
1854
1902
2344
2179
2095
1728
1767
1837
2037
2155
2091
1805
1811
1874
1898
2152
2056
1998
1742
1829
1914
2220
2113
2042
1728
1820
1861
2159
2065
2043
1750
1840
1910
2268
1684
2132
1724
1797
1845
2238
2259
2141
1760
1821
1888
1987
2114
1843
1836
1819
1887
1922
1932
2180
2078
1754
1835
1866
2189
2110
2305
1821
1866
1910
2222
1914
2094
1740
1797
1855
2249
2180
1856
1817
1872
1854
2221
2101
2143
1758
1834
1875
1944
2171
2080
1637
1827
1837
1877
2163
1825
2128
1832
1878
1888
2180
2062
2022
1729
1838
1897
2232
2129
2065
1742
1813
1841
2190
2089
2055
1741
1837
1887
2245
2123
2059
1676
1765
1829
1911
2150
2128
1868
1840
1921
1924
2184
2053
2007
2160
1902
1936
2219
2119
2052
1766
1611
1890
2237
2132
2062
1732
1895
1896
2269
2146
2052
1706
1798
1709
2314
2232
2103
1740
1596
1875
1972
2127
2111
1844
1827
1871
1698
2247
2136
2079
1768
1968
1932
2218
2137
2103
1787
1855
1902
2220
2108
2015
1709
1796
1851
2229
2153
2065
1734
1834
1828
2200
2117
2086
1712
1804
1848
1900
2138
2079
1849
1769
1859
1880
2184
2094
2051
1790
1847
1879
2178
2064
2026
1762
1849
1899
2199
2095
2066
1729
1801
1840
2187
2112
2057
1722
1823
1891
2231
2154
2071
1665
1775
1859
1935
2149
2064
1825
1782
1824
1887
2155
2072
2021
1781
1854
1896
2188
2106
2033
1716
1818
1876
2193
2122
2075
1715
1805
1877
2231
2111
2041
1701
1808
1862
2258
2152
2072
1708
1786
1821
1886
2124
2088
1849
1778
1847
1882
2167
2102
2032
1731
1803
1898
2209
2117
2043
1744
1813
1876
2188
2099
2042
1730
1823
1868
2253
2125
2073
1701
1825
1824
2200
2125
2105
1700
1819
1847
1914
2147
2060
1816
1752
1841
1883
2180
2096
2037
1783
1831
1866
2137
2077
2038
1784
1837
1905
2200
2100
2045
1723
1791
1845
2222
2122
2069
1729
1807
1867
2228
2123
2032
1672
1792
1873
1956
2174
2056
1801
1761
1820
1850
2139
2088
2042
1780
1848
1901
2190
2100
2012
1692
1801
1875
2218
2134
2073
1714
1801
1870
2204
2101
2038
1688
1809
1873
2244
2149
2083
1693
1770
1813
1881
2158
2109
1839
1769
1830
1872
2161
2058
2028
1731
1833
1888
2224
2107
2073
1750
1839
1838
2180
2087
2073
1738
1823
1855
2209
2153
2033
1710
1766
1846
2225
2141
2092
1709
1813
1856
1897
2135
2032
1815
1753
1871
1895
2182
2089
2044
1779
1813
1849
2147
2098
2059
1764
1831
1891
2209
2082
2028
1698
1796
1869
2233
2137
2062
1686
1826
1841
2238
2089
2045
1672
1800
1871
1900
2194
2074
1856
1753
1819
1873
2179
2113
2045
1784
1842
1894
2161
2071
1985
1701
1810
1895
2250
2136
2093
1726
1825
1851
2196
2091
2078
1712
1810
1848
2250
2114
2093
1680
1775
1832
1905
2190
2086
1867
1779
1832
1851
2165
2036
2060
1758
1865
1877
2202
2132
2036
1776
1816
1819
2187
2118
2091
1746
1834
1874
2234
2124
2023
1711
1794
1883
2232
2166
2090
1716
1803
1835
1889
2085
2063
1833
1809
1845
1910
2183
2097
2034
1763
1823
1866
2197
2080
2058
1751
1872
1880
2202
2079
1995
1725
1812
1885
2255
2143
2073
1690
1813
1862
2176
2143
2061
1715
1810
1851
1937
2160
2078
1799
1705
1834
1875
2204
2109
2045
1768
1845
1887
2180
2079
2027
1740
1815
1908
2213
2155
2036
1710
1788
1817
2229
2111
2100
1752
1797
1867
2224
2124
2062
1645
1776
1838
1918
2193
2072
1864
1772
1823
1872
2127
2074
2045
1790
1846
1877
2184
2092
2031
1731
1793
1844
2198
2141
2087
1750
1811
1851
2211
2092
2020
1691
1812
1890
2248
2144
2066
1717
1795
1807
1865
2116
2071
1897
1802
1864
1885
2157
2068
1987
1728
1810
1879
2214
2091
2076
1742
1857
1867
2196
2088
2020
1755
1817
1884
2267
2144
2071
1705
1786
1854
2209
2149
2089
1700
1816
1862
1927
2155
2057
1815
1742
1856
1899
2187
2098
2043
1765
1795
1866
2145
2087
2039
1755
1852
1885
2231
2118
2052
1709
1761
1843
2226
2149
2093
1727
1812
1837
2227
2108
2045
1682
1809
1870
1931
2166
2076
1808
1769
1802
1837
2124
2110
2082
1794
1861
1908
2179
2068
2053
1756
1810
1909
2231
2127
2075
1762
1883
1892
2208
2087
2046
1763
1867
1891
2283
2165
2098
1698
1828
1846
1944
2145
2111
1842
1798
1861
1908
2159
2079
2026
1788
1866
1934
2215
2123
2036
1759
1870
1880
2192
2139
2066
1733
1844
1894
2234
2124
2056
1676
1755
1845
2240
2151
2097
1699
1786
1864
1924
2138
2049
1804
1759
1846
1902
2177
2102
2043
1723
1805
1855
2167
2103
2057
1762
1811
1877
2209
2125
2028
1697
1774
1846
2227
2165
2085
1726
1804
1847
2207
2121
2043
1692
1819
1861
1919
2158
2088
1838
1762
1807
1843
2158
2123
2071
1778
1836
1875
2187
2084
2014
1716
1850
1896
2203
2136
2072
1739
1813
1848
2175
2087
2048
1737
1840
1879
2238
2114
2048
1644
1763
1829
1889
2176
2038
1867
1768
1832
1884
2141
2038
1987
1790
1851
1916
2206
2107
2048
1712
1792
1841
2199
2115
2064
1741
1822
1869
2235
2109
2037
1669
1769
1852
2270
2167
2082
1686
1785
1834
1875
2134
2051
1829
1793
1847
1892
2186
2109
2032
1752
1781
1860
2190
2115
2040
1758
1825
1865
2188
2098
2014
1720
1802
1496
2186
2262
2037
1340
1669
1971
2164
2119
1840
1608
1930
1856
1959
2131
2088
1898
1657
2071
1747
2053
2058
2130
1762
1858
1891
2119
2087
2072
1735
1695
1729
2189
2317
2048
1703
1784
1848
2192
2117
2079
1731
1879
1875
2192
2287
1970
1647
1786
1842
1913
2180
2051
1857
1794
1821
1864
2133
2062
2046
1788
1851
1952
2174
2112
1955
1726
1806
1872
2222
2132
2071
1726
1812
1858
2242
2111
2021
1679
1814
1884
2282
2160
2085
1690
1764
1810
1875
2129
2075
1876
1788
1841
1881
2178
2087
2039
1741
1795
1899
2208
2134
2067
1755
1798
1844
2180
2101
2035
1717
1841
1878
2225
2140
2074
1725
1786
1825
2189
2144
2079
1701
1814
1854
1877
2119
2060
1866
1760
1850
1896
2180
2094
2060
1772
1841
1865
2146
2067
2045
1771
1842
1880
2215
2107
2046
1710
1775
1844
2253
2131
2077
1744
1828
1870
2233
2100
2035
1669
1791
1872
1938
2152
2074
1847
1784
1812
1842
2150
2106
2053
1763
1848
1910
2199
2091
2038
1707
1785
1859
2245
2126
2074
1713
1810
1855
2195
2074
2065
1711
1797
1859
2272
2168
2067
1681
1759
1829
1922
2173
2110
1903
1762
1867
1912
2162
2048
2001
1746
1824
1879
2217
2128
2047
1740
1819
1841
2143
2100
2074
1762
1808
1877
2241
2130
2044
1720
1789
1828
2237
2156
2089
1701
1812
1860
1877
2100
2051
1847
1795
1871
1903
2166
2087
2057
1767
1799
1837
2163
2111
2050
1815
1860
1893
2207
2091
2012
1669
1795
1867
2253
2126
2067
1723
1775
1839
2233
2117
2046
1653
1818
1903
1944
2163
2107
1816
1749
1793
1885
2193
2101
2068
1785
1858
1896
2202
2072
2006
1710
1812
1895
2243
2124
2085
1726
1789
1830
2221
2118
2063
1731
1819
1880
2238
2124
2086
1693
1766
1831
1929
2214
2093
1896
1811
1810
1873
2163
2007
2032
1805
1808
1911
2188
2125
2026
1722
1758
1847
2171
2118
2082
1791
1833
1874
2224
2119
2039
1694
1790
1850
2250
2160
2102
1733
1812
1817
1844
2091
2034
1845
1796
1849
1926
2183
2086
2056
1733
1820
1866
2166
2127
2050
1768
1835
1901
2195
2084
2007
1670
1821
1876
2216
2145
2027
1669
1785
1849
2182
2123
2066
1693
1794
1858
1928
2183
2071
1822
1733
1806
1901
2185
2103
2025
1777
1836
1860
2135
2073
2026
1744
1811
1875
2181
2118
2041
1705
1780
1801
2234
2147
2087
1744
1783
1840
2234
2127
2051
1681
1769
1855
1921
2174
2101
1880
1796
1814
1840
2109
2074
2031
1761
1831
1863
2167
2124
2027
1696
1783
1854
2210
2125
2048
1777
1834
1863
2193
2098
2060
1699
1806
1908
2264
2138
2073
1694
1774
1810
1840
2129
2083
1920
1798
1881
1924
2169
2073
1998
1739
1798
1858
2209
2148
2039
1761
1828
1894
2163
2103
2015
1745
1847
1878
2245
2108
2056
1706
1753
1836
2249
2156
2101
1686
1778
1848
1892
2149
2061
1921
1766
1834
1909
2199
2107
2038
1763
1818
1888
2171
2082
2056
1762
1794
1871
2224
2110
2031
1713
1791
1852
2241
2155
2102
1736
1824
1825
2216
2129
2045
1678
1817
1847
1912
2191
2077
1931
1759
1813
1844
2137
2107
2085
1775
1849
1896
2191
2087
2031
1708
1802
1875
2227
2150
2079
1755
1803
1866
2202
2065
2047
1704
1814
1884
2225
2148
2064
1667
1775
1827
1909
2153
2081
1976
1794
1863
1896
2151
2056
2003
1757
1845
1905
2198
2088
2054
1733
1804
1847
2168
2112
2052
1745
1833
1884
2240
2136
2039
1673
1761
1838
2241
2177
2097
1696
1797
1853
1899
2139
2063
1955
1784
1830
1899
2193
2106
2040
1732
1779
1830
2179
2112
2074
1761
1820
1872
2198
2108
2031
1701
1776
1866
2247
2162
2072
1710
1804
1825
2198
2102
2046
1707
1802
1871
1899
2188
2067
1977
1738
1809
1840
2166
2134
2082
1769
1842
1853
2162
2057
2019
1733
1835
1909
2229
2116
2054
1729
1817
1836
2176
2105
2070
1718
1789
1876
2251
2139
2023
1689
1768
1830
1900
2191
2102
2009
1779
1845
1871
2129
2032
2023
1740
1853
1909
2221
2111
2032
1724
1813
1840
2201
2116
2078
1732
1817
1865
2253
2113
2023
1674
1780
1890
2263
2174
2114
1726
1781
1820
1863
2144
2076
2014
1785
1844
1911
2180
2106
2051
1723
1773
1847
2216
2122
2070
1768
1835
1852
2201
2070
2054
1726
1819
1860
2250
2132
2077
1699
1815
1835
2188
2113
2100
1724
1804
1858
1901
2142
2088
1973
1748
1816
1891
2189
2136
2074
1764
1816
1893
2156
2064
2036
1777
1830
1870
2184
2126
2057
1721
1793
1823
2211
2126
2072
1728
1820
1877
2214
2120
2055
1654
1760
1847
1931
2172
2086
2024
1756
1847
1866
2149
2075
2023
1760
1857
1907
2200
2091
2019
1680
1782
1869
2244
2143
2083
1739
1827
1879
2189
2117
2043
1711
1790
1915
2217
2169
2099
1717
1791
1838
1890
2163
2110
2042
1825
1869
1904
2179
2145
2018
1727
1806
1916
2225
2136
2070
1759
1831
1853
2179
2080
2046
1723
1821
1864
2241
2139
2070
1707
1773
1816
2210
2145
2098
1749
1807
1799
1870
2135
2050
1998
1756
1851
1892
2185
2073
2075
1765
1827
1865
2152
2084
2050
1769
1843
1890
2209
2099
2022
1715
1786
1857
2227
2146
2054
1709
1812
1879
2225
2123
2034
1674
1805
1846
1926
2180
2084
2003
1769
1828
1865
2156
2101
2059
1760
1840
1873
2226
2099
2042
1700
1803
1865
2242
2135
2074
1728
1792
1849
2201
2112
2049
1720
1815
1853
2220
2147
2085
1674
1719
1800
1860
2181
2117
2048
1778
1828
1873
2166
2049
2017
1744
1825
1900
2225
2124
2053
1739
1794
1803
2162
2107
2078
1760
1840
1855
2215
2137
2027
1735
1833
1843
2216
2156
2098
1706
1793
1852
1863
2102
2038
2016
1793
1853
1912
2156
2084
2033
1757
1783
1853
2182
2095
2076
1779
1837
1865
2215
2096
2018
1698
1808
1886
2265
2143
2069
1700
1802
1859
2199
2128
2062
1694
1788
1867
1907
2174
2090
1989
1768
1842
1886
2186
2128
2067
1760
1816
1878
2196
2083
2022
1715
1815
1889
2227
2136
2079
1716
1788
1821
2208
2127
2061
1711
1807
1862
2221
2145
2086
1649
1753
1834
1905
2193
2111
2038
1784
1831
1872
2151
2064
2011
1779
1855
1885
2167
2124
2042
1707
1789
1863
2202
2125
2100
1771
1819
1859
2237
2132
2042
1664
1814
1864
2228
2134
2087
1713
1763
1837
1870
2125
2079
2035
1801
1862
1913
2193
2088
2023
1734
1797
1885
2200
2124
2045
1741
1840
1874
2203
2079
2001
1700
1839
1897
2259
2141
2056
1702
1786
1816
2179
2156
2113
1700
1806
1875
1890
2164
2079
1982
1714
1814
1900
2199
2105
2054
1758
1814
1867
2160
2072
2036
1739
1824
1892
2243
2127
2079
1702
1767
1829
2221
2152
2111
1729
1794
1870
2184
2097
2037
1634
1739
1832
1921
2215
2094
2061
1755
1773
1858
2110
2084
2072
1818
1876
1879
2235
2100
2031
1725
1753
1871
2206
2120
2102
1699
1765
1843
2158
2055
1999
1672
1808
1874
2234
2150
2069
1697
1767
1779
1832
2135
2030
2047
1817
1842
1884
2216
2031
1999
1727
1774
1864
2215
2088
2028
1743
1805
1851
2185
2078
2048
1741
1841
1877
2249
2142
2065
1666
1747
1815
2203
2151
2090
1716
1775
1863
1889
2128
2043
1988
1741
1845
1907
2197
2111
2047
1733
1790
1847
2179
2098
2077
1738
1820
1881
2229
2111
2041
1701
1760
1840
2245
2169
2082
1699
1784
1827
2182
2119
2044
1699
1818
1859
1900
2181
2106
2122
1772
1815
1848
2159
2108
2078
1785
1821
1879
2174
2090
2022
1711
1811
1879
2227
2129
2079
1714
1817
1851
2195
2095
2043
1726
1841
1875
2184
2154
2089
1686
1749
1806
1870
2176
2114
2045
1798
1866
1889
2172
2075
2006
1758
1843
1920
2217
2116
2048
1723
1813
1832
2193
2106
2056
1713
1823
1878
2239
2109
2045
1642
1761
1847
2176
2181
2129
1707
1776
1824
1822
2154
2067
2030
1778
1835
1907
2197
2098
2042
1725
1784
1843
2190
2137
2085
1754
1792
1862
2217
2096
2041
1697
1794
1857
2248
2158
2079
1696
1786
1828
2098
2121
2077
1746
1807
1868
1880
2159
2091
2029
1738
1814
1856
2174
2123
2050
1763
1822
1873
2180
2068
2016
1728
1839
1885
2213
2115
2054
1726
1811
1848
2198
2097
2092
1757
1832
1845
2126
2144
2022
1714
1764
1863
1897
2199
2073
2007
1770
1842
1888
2185
2122
2029
1725
1850
1880
2194
2109
2013
1728
1768
1817
2196
2084
2032
1692
1769
1851
2224
2115
2041
1646
1751
1887
2149
2180
2112
1803
1781
1842
1865
2121
2072
2039
1765
1802
1880
2185
2144
2046
1733
1808
1833
2200
2125
2081
1737
1829
1853
2186
2071
2004
1721
1839
1882
2264
2136
2083
1702
1786
1783
2026
2141
2136
1778
1796
1851
1895
2160
2063
1987
1709
1842
1892
2191
2105
2058
1778
1806
1828
2143
2079
2043
1747
1828
1892
2223
2114
2036
1712
1801
1825
2214
2149
2079
1755
1805
1850
2138
2113
2026
1673
1769
1872
1906
2181
2090
2045
1776
1817
1849
2126
2112
2046
1774
1835
1901
2216
2115
2013
1678
1792
1862
2228
2158
2056
1724
1824
1866
2241
2130
2026
1684
1797
1877
2118
2187
2098
1715
1738
1822
1846
2154
2115
2100
1758
1830
1919
2183
2068
1995
1755
1815
1842
2271
2170
2046
1705
1801
1874
2176
2059
2072
1784
1814
1854
2250
2182
2049
1660
1780
1831
2056
2132
2140
1782
1765
1834
1922
2172
2028
2000
1809
1865
1872
2218
2162
2016
1727
1850
1852
2140
2078
2103
1736
1808
1905
2256
2089
2024
1730
1759
1839
2259
2174
2071
1685
1847
1846
2074
2123
2090
1690
1784
1887
1917
2138
2064
2060
1749
1769
1846
2230
2117
2028
1764
1848
1860
2165
2130
2038
1658
1809
1923
2247
2121
2082
1707
1771
1834
2198
2110
2048
1697
1811
1848
2132
2156
2069
1730
1766
1793
1884
2184
2135
2059
1766
1837
1895
2200
2066
2009
1773
1836
1846
2204
2151
2048
1693
1802
1837
2180
2094
2095
1764
1836
1843
2258
2103
2038
1649
1772
1857
2110
2136
2118
1739
1778
1815
1870
2133
2033
2040
1796
1860
1912
2187
2083
2051
1751
1795
1846
2191
2128
2062
1755
1770
1925
2220
2102
2015
1693
1795
1882
2270
2147
2070
1695
1787
1838
2057
2138
2067
1768
1786
1859
1909
2173
2076
2022
1713
1799
1881
2176
2111
2091
1724
1813
1862
2172
2093
2034
1696
1816
1908
2228
2128
2064
1707
1777
1821
2201
2145
2107
1707
1806
1836
2096
2161
2079
1691
1748
1836
1885
2194
2120
2047
1792
1801
1851
2138
2079
2019
1742
1855
1882
2211
2111
2061
1730
1807
1826
2213
2151
2086
1741
1833
1861
2215
2110
2037
1650
1786
1849
2139
2137
2059
1746
1791
1834
1851
2137
2076
2054
1782
1862
1897
2183
2078
2013
1725
1811
1879
2207
2130
2063
1735
1838
1859
2215
2101
2022
1695
1843
1888
2248
2144
2067
1678
1776
1829
2102
2137
2098
1732
1780
1835
1885
2163
2064
1991
1721
1829
1914
2204
2130
2064
1755
1808
1859
2168
2082
2048
1712
1844
1876
2227
2127
2045
1686
1763
1831
2232
2151
2110
1719
1787
1833
2127
2126
2029
1685
1773
1842
1899
2193
2112
2051
1772
1827
1816
2133
2098
2057
1775
1843
1878
2191
2095
2039
1690
1783
1852
2208
2139
2106
1751
1831
1859
2213
2091
2045
1703
1826
1888
2151
2148
2069
1731
1727
1802
1833
2134
2142
2105
1799
1814
1859
2174
2071
2056
1762
1820
1846
2171
2140
2074
1770
1850
1847
2166
2092
2045
1711
1872
1895
2301
2151
2055
1632
1723
1808
2153
2135
2100
1755
1724
1851
1889
2152
2055
1996
1732
1832
1851
2194
2113
2053
1757
1784
1838
2188
2162
2099
1759
1824
1846
2213
2108
2054
1705
1773
1856
2257
2166
2071
1682
1800
1832
2097
2143
2043
1740
1813
1840
1938
2214
2100
2040
1750
1802
1845
2163
2130
2077
1772
1830
1846
2169
2106
2030
1726
1825
1910
2206
2129
2061
1721
1826
1840
2232
2085
2064
1701
1844
1880
2127
2144
2058
1720
1762
1871
1864
2167
2089
2055
1791
1820
1940
2178
2044
2008
1751
1829
1892
2223
2125
2041
1748
1840
1802
2201
2115
2080
1732
1835
1874
2228
2169
2093
1617
1783
1881
2142
2197
2097
1739
1754
1845
1897
2115
2109
2078
1733
1907
1925
2174
2100
2014
1725
1733
1868
2235
2117
2099
1771
1790
1871
2228
2105
2027
1680
1842
1844
2267
2187
2065
1703
1806
1818
2056
2124
2058
1757
1821
1881
1855
2167
2089
2026
1731
1825
1855
2168
2144
2073
1762
1806
1874
2187
2071
2038
1747
1818
1917
2239
2106
2065
1714
1772
1821
2229
2117
2064
1723
1808
1849
2067
2168
2037
1711
1775
1859
1888
2192
2101
2036
1781
1844
1851
2133
2092
2025
1709
1869
1891
2176
2139
2034
1698
1792
1849
2228
2134
2093
1700
1797
1887
2249
2131
2045
1667
1790
1846
2068
2168
2091
1782
1783
1820
1885
2148
2095
2053
1742
1860
1876
2192
2117
2026
1726
1813
1859
2217
2152
2069
1746
1850
1836
2169
2122
2035
1701
1830
1853
2209
2173
2083
1653
1806
1816
1956
2147
2112
1800
1750
1865
1890
2120
2109
2051
1735
1841
1905
2222
2080
2070
1784
1817
1848
2163
2079
2068
1734
1828
1872
2219
2115
2034
1694
1788
1834
2252
2149
2093
1709
1803
1869
1955
2134
2024
1777
1777
1867
1914
2165
2109
2046
1743
1817
1833
2160
2086
2060
1741
1848
1878
2195
2109
2040
1698
1775
1872
2249
2150
2051
1719
1785
1849
2239
2129
2049
1720
1844
1894
1976
2188
2099
1796
1766
1808
1863
2181
2141
2083
1782
1830
1857
2180
2084
1985
1693
1829
1901
2207
2130
2041
1711
1823
1820
2200
2069
2095
1755
1814
1888
2240
2109
2058
1670
1752
1814
1943
2175
2095
1840
1791
1834
1868
2155
2046
1981
1763
1870
1893
2198
2115
2020
1765
1819
1840
2181
2109
2066
1750
1808
1874
2228
2128
2066
1671
1784
1855
2261
2147
2087
1714
1807
1847
1904
2119
2047
1845
1787
1861
1907
2173
2096
2026
1751
1804
1847
2200
2122
2058
1759
1810
1867
2234
2092
2035
1681
1799
1898
2255
2169
2075
1688
1807
1834
2215
2112
2065
1699
1801
1867
1904
2155
2077
1845
1738
1798
1897
2201
2095
2066
1779
1840
1866
2172
2062
2007
1755
1835
1891
2230
2135
